Наименование,Цена,Кол-во на складе,Кол-во у поставщика,Кол-во в заказе
Ручка "Лениться можно вместе "  ,47.50,8,60,18
альбом д/рис А4 40л на скрепке Вид на город бум обл 40-6206,38.20,27,86,39
Прописи для дошкольников "Запутанные лабиринты"  16 стр.,15.00,35,91,24
Полимерная глина запекаемая 250г Cernit Number One 400 красный CE0900250400,610.00,30,89,57
Альбом для Бон горизонт на кольцах Calligrata 230*170мм АМЛГБ-18 2л*1 бону + 8л*2 боны  ,242.00,19,99,82
Ручка подарочная шариковая Scrikss Honour 38 роллер в черном футляре  ,710.00,22,4,84
Органайзер настольный "Зайчик" 150 х 100 х 80 мм  ,125.00,18,53,67
Альбом для акрила А4 ЗХК Сонет 10л 400г/м на гребне  DK19042  ,287.00,46,37,70
скоросшиватель Дело 330г/м2 жёлтый мелов Лилия Холдинг 5С2-2444ЦЖ,17.50,17,60,11
Рюкзак мол Звезды 30*11*33 отдел на молнии нар карман усил спинка розовый,190.00,3,7,51
Блокнот А6 160л тв обл Модный свитер глянц ламин бл 55г/м2 3-160-002/11,76.00,27,30,53
фломастеры 24цв Centropen Пингвины 7790/24,186.00,22,40,39
Пенал 1 секция 115*205 лам.карт 30П26 Calligrata мал "Карта неба",60.00,12,43,14
Бумага цветная/металлик духстор А4 10л 10цв ArtSpace Волшебная Нб10-10дв_041,22.40,48,51,27
Папка пластик А4 молния вокруг Офис цветная ПМ-А4-11 песок Черная,93.00,22,63,14
Ножницы 12см пластиковые закругленные концы Стрекоза МИКС на блистере CALLIGRATA,29.70,25,31,89
Тетрадь 18л кл Utility 5В МИКС 7-18-048/1,31.30,26,69,43
Фетр А4 5л 5цв BRAUBERG Оттенки красного 660642 ,103.00,15,65,4
Тетрадь 24л лин ErichKrause Magic Unicorn  49214,16.30,42,40,50
бумага цветн А4 100л Микс. Неон 80г/м2  ,280.00,44,64,39
Краска акриловая Shine  40мл Луч оранжевая,38.00,45,65,11
Набор ручек шариковых 10 цветов корпус треугольный тонированный в блистере на кнопке,104.00,38,73,62
Бумага писчая А4 100л Licht (потр. ф-т ов) 65г/м2 94-96% эконом в т/у плёнке 514160,71.00,19,84,43
Тетрадь 96л кл ErichKrause "Dog Rules" 46674  ,38.10,27,64,62
Пенал мягкий квадро 35*195 К-20 Цветной листопад сатин 2018  ,54.00,28,66,60
Губка магнитная для маркероной доски "Бабочка" 2х10х8 см  ,59.00,48,73,25
Закладки уголки для книг "С хорошей книгой время летит незаметно",32.90,24,31,42
Рюкзак детский "Крутой гонщик" Тачки  23*20.5,390.00,26,26,17
ежедневник недатир А5 120л на кольцах Firenze soft-touch обл ПВХ зелён 3-511/05  ,692.00,16,17,43
Монета "5 руб. 2016 Будапешт"  ,69.00,33,85,73
Карандаш чернографитный с ластиком НВ корпус круглый заточенный Ладошки  ЦЕНА ЗА 1 ШТ!!! МИКС,7.50,5,8,55
Гуашь банка 500мл зелёная светлая,250.00,47,32,2
Набор геометрический (линейка 30см+2 угольника+транспортир) тонированный МИКС,39.00,38,98,46
Рюкзак школьный эргоном.спинка Bruno Visconti 12-002 40*30*19 дев "Чудесное настроение"  ,4 375.00,44,29,50
Точилка МИКС с контейнером двойная Кость игральная,31.80,11,85,27
ЛИСТ на 4 ячейки ДЛЯ ОТКРЫТОК  ЦЕНА ЗА 1 ШТ!!!,21.20,13,49,72
Карандаши 12цв Каляка-Маляка 12 трехгранные КТКМ12  ,131.00,7,90,10
Папка пластик А4 молния вокруг Офис Б/Ц Бирюзовая ПТ-11  3053  ,84.00,14,39,19
Монета "10 рублей 2014 ГВС Владивосток Мешковой"  ,69.00,44,86,60
Холст на подрамнике хлопок 100% акрил грунт 2*30*40 см r/з 440г/м² ЗХК Сонет E6320-B-30x40,282.00,49,100,33
Ножницы 17.2см Goldcut усиленные  60-0044,466.00,7,78,48
Картон цветной набор Glitter 210*297мм Sadipal 330г/м² 3 л жёлтый 20312,213.00,11,49,61
Мастихин №12,77.00,13,33,35
Мелки цветные 6 штук (3белых + 3цветных) ПЕГАС,11.00,28,30,82
Папка-портфель ErichKrause "Flora" FC 49282,335.00,4,11,53
колледж-тетрадь тв.обл. А5 160л кл Эволюция 1111-417,80.00,25,31,46
Аппликация пайетками "Только вперед!" Тачки+ 4 цвета пайеток,82.00,40,89,77
Тетрадь предметная 48л кл Новая классика Информатика  7-48-1100/11,31.20,37,37,28
Тетрадь 24л кл ErichKrause Цветущие луга микс  49231,16.00,24,71,23
бумага рисовальная А4 100л 200г/м2 БР-0354,534.00,40,96,15
Набор маркеров текстовыделителей 3цв 5.0 Stabilo Boss Mini Pastel Love 07/03-57,339.00,17,73,37
Картон цветной 420*297мм Sadipal Sirio 170г/м2 красный 07948,25.70,23,52,28
Тетрадь предм Металл.Алгебра 48л кл со справ мат  ,17.50,1,99,51
Ручка шариковая-прикол Ракета с фонариком МИКС,37.80,41,43,65
Пленка для ламинирования А4 OfficeSpace 216*303мм (100мкм) глянец 100л.  ,715.00,20,14,73
блокнот А6 160л тв обл Зверушки.Паттерн гл лам 3-160-002/22,74.00,27,12,60
Аппликация форменными стразами "Пироженные" Гадкий Я,55.00,9,24,38
Тетрадь предм Фото.Английский язык 48л кл со справ мат блок офсет обл мел карт,19.90,16,50,58
Лак для полимерной глины акриловый глянцевый 30мл Cernit СЕ3050030003,292.00,45,83,32
Кисть Синтетика Круглая № 6 (d-6 мм ; L-22 мм) ручка дерево Calligrata  ,37.90,41,87,59
Накладка на стол лам.кар А4 330*230 НПД-11 "Голубоглазый пушистик",29.00,45,25,16
Набор ластиков фигурных 4 штуки МИКС Динозавры в пакете на зап-молнии  ,37.70,9,70,86
Стакан для пишущих принадлежностей квадратный сетка металл зеленый,131.00,14,20,31
Лоток настенный 1-секц. прозрачно-синий  ,165.00,16,41,38
Бумага цветная А4 100л Calligrata Mix 10 цветов 80г/м2  ,153.00,13,68,47
Лист для хранения бон (банкнот) на 3 ячейки ЦЕНА ЗА 1 ШТ!!,33.50,24,71,50
Папка А3 с ручками пластик молния сверху 50 мм Стандарт 420*343мм ПР 3 Серый  ,311.00,19,98,39
тетрадь 12л доп кос лин Школьная классика карт.хромэрзац 5В МИКС в коробке 12-9270,9.00,39,10,16
Набор  массы для лепки "Цветочки" инструкция,76.00,29,33,34
Акварель 24цв пластик Гамма Оранжевое солнце без кисти 212084,188.00,31,33,10
Кисть Белка Круглая Байкал № 5 d-3мм L-14мм (удлиненная ручка),123.00,3,80,20
Пенал 3 секции 110*190 лам.кар ПКК 12- 5 мал "Космонавт" 61285,212.00,12,56,52
Ежедневник-смэшбук с раскраской "Большие мечты маленького котика",189.00,13,92,69
Папка деловая кож.зам 360*260*30 мм Канцбург Люкс 6Д04 черный,1 064.00,43,78,39
Органайзер для канцелярии "Холодное сердце" 150 х 100 х 80  ,149.00,39,38,26
Бумага д/рисования А4 50л 50% хлопка 200г/м2 БР-4654  ,588.00,11,88,8
Ручка-лазер в коробке " Лучшая учительница" + фонарик,257.00,48,11,68
Рюкзак молодежный эргоном.спинка Yes OX 331 47*29*14.5 синий 554136  ,4 855.00,19,20,24
Сумка детская "Лисичка" 16*17см  ,405.00,31,37,33
яПапка д/тетрадей А4 молния сверху пластик ПМ-А4-29 Calligrata мал Трансформер  ,100.00,19,11,21
Набор канцелярский детский Единорог(24 карандаша+линейка+2 точилки+2 ластика+ножницы)  ,295.00,44,2,9
Пластилин 12цв 180г ErichKrause Monsters Neon со стеком 50556  ,88.00,8,77,29
Ежедневник А5 80 л. "Лучшая учительница",72.00,49,65,69
Набор 10 листов ценники самоклеящиеся 46*24мм 24шт флуор МИКС,89.00,16,2,73
Ручка шариковая автоматическая 6-х цветная Единорог,115.00,20,44,42
Ручка шариковая BIC Orang Grip рез.упор 0.8 синие чернила  811926  ,28.50,22,8,60
Блокнот А7 16 листов "Для самого важного",8.90,28,47,81
Карандаши 18цв Beifa "Яркие мир" на масл. осн.  ,121.00,22,22,83
Папка формат А4 на молнии с ручками рисунок Роботы МИКС,133.00,1,5,77
Пастель сухая Soft Faber-Castell GOFA 36цв  128336,1 976.00,27,46,62
Аппликация фетром и стразами "Навстречу ветру" Кораблик  ,103.00,2,81,53
Ручка подарочная "Любимой бабушке",45.90,21,64,19
Картон цветной металлизированный 650*500мм Sadipal 225г/м2 серебро 20259,91.00,50,18,78
Набор двойных маркеров "Радуга" 12 шт.  ,310.00,38,50,18
Сангина/Сепия Подольск-Арт-Центр 5шт. в блистере,104.00,29,50,74
бизнес-блокнот А6 64л Гарри Поттер тв обл 64ББ6В5_19104  ,59.00,23,1,50
Зажимы для бумаг 32мм 12шт/уп черные Lamark BC0542,74.00,6,91,8
Ножницы детские 14см Juniorcut прочные ручки 3В МИКС 60-0027,132.00,46,15,61
Папка пластик А4 молния вокруг Офис цветная ErichKrause Matt Accent микс 50353,155.00,49,57,29