пугачев, 88
отвечал, 85
марья, 75
ивановна, 75
тебе, 74
савельич, 66
иван, 62
батюшка, 61
швабрин, 55
крепости, 55
петр, 49
стал, 48
несколько, 48
мог, 45
мною, 45
андреич, 44
бог, 41
кузмич, 40
пугачева, 37
мои, 37
минуту, 37
нам, 36
мое, 35
крепость, 35
комендант, 35
ваше, 35
ко, 34
дело, 34
спросил, 32
моего, 32
егоровна, 32
василиса, 31
письмо, 30
который, 30
нечего, 29
матушка, 29
человек, 27
время, 27
увидел, 25
которые, 25
день, 25
благородие, 25
очень, 24
савельича, 23
моей, 23
коменданта, 23
коли, 23
отец, 22
лет, 22
зурин, 22
видом, 22
хотел, 21
свои, 21
пошел, 21
игнатьич, 21
делать, 21
богу, 21
швабрина, 20
тотчас, 20
слова, 20
слава, 20
маша, 20
государь, 20
глаза, 20
тулуп, 19
своего, 19
мысль, 19
могу, 19
велел, 19
сударь, 18
своих, 18
пугачеву, 18
казалось, 18
довольно, 18
вскоре, 18
вошел, 18
взглянул, 18
бога, 18
сказать, 17
своей, 17
отца, 17
около, 17
мою, 17
которая, 17
ивана, 17
ехать, 17
всем, 17
вместе, 17
узнал, 16
нею, 16
комендантша, 16
добро, 16
генерал, 16
час, 15
стоял, 15
старик, 15
собою, 15
руку, 15
продолжал, 15
наши, 15
моем, 15
лошадь, 15
лошади, 15
кроме, 15
голосом, 15
вышел, 15
человека, 14
сердце, 14
свое, 14
отправился, 14
образом, 14
народ, 14
моему, 14
лицо, 14
дорогу, 14
дома, 14
глава, 14
ямщик, 13
увидя, 13
стороны, 13
решился, 13
прервал, 13
попадья, 13
отвечала, 13
одного, 13
надобно, 13
молодой, 13
моим, 13
миронова, 13
марье, 13
легко, 13
котором, 13
ивановне, 13
закричал, 13
должен, 13
взял, 13
беда, 13
эта, 12
часу, 12
хочешь, 12
сидел, 12
своим, 12
своему, 12
руках, 12
рублей, 12
пугачевым, 12
остановился, 12
оренбург, 12
однако, 12
объявил, 12
марью, 12
люди, 12
казак, 12
ивановну, 12
головою, 12
видно, 12
белогорскую, 12
алексей, 12
явился, 11
тобою, 11
степи, 11
старый, 11
службе, 11
слово, 11
одной, 11
нем, 11
минут, 11
которой, 11
коменданту, 11
капитана, 11
заячий, 11
дочь, 11
дом, 11
долго, 11
господи, 11
виноват, 11
белогорской, 11
урядника, 10
урядник, 10
старика, 10
слишком, 10
скоро, 10
сильно, 10
самом, 10
самозванца, 10
савельичу, 10
рук, 10
оренбурге, 10
нему, 10
нашей, 10
нашего, 10
наш, 10
марьи, 10
максимыч, 10
которую, 10
квартиру, 10
кажется, 10
из-за, 10
иваныч, 10
ивану, 10
ивановны, 10
знать, 10
женою, 10
должно, 10
добрый, 10
деле, 10
девка, 10
гвардии, 10
времени, 10
воротился, 10
вижу, 10
буду, 10
ах, 10
этим, 9
шпаги, 9
услышал, 9
тому, 9
твоей, 9
сюда, 9
смею, 9
скажи, 9
своею, 9
самую, 9
самозванец, 9
прощай, 9
полно, 9
писать, 9
офицер, 9
ними, 9
начал, 9
нами, 9
моих, 9
могла, 9
милости, 9
машу, 9
марьей, 9
людей, 9
кузмича, 9
которое, 9
кибитка, 9
казаков, 9
значит, 9
жизни, 9
думал, 9
деньги, 9
дай, 9
давно, 9
государыня, 9
года, 9
глядел, 9
вскричал, 9
всему, 9
воля, 9
возразил, 9
видишь, 9
вероятно, 9
бумагу, 9
б, 9
чувствовал, 8
читать, 8
хозяин, 8
туда, 8
той, 8
твой, 8
сын, 8
сторону, 8
сто, 8
старого, 8
стали, 8
спросить, 8
солдат, 8
совершенно, 8
слышь, 8
словом, 8
слезами, 8
сегодня, 8
свой, 8
своими, 8
савельичем, 8
родителям, 8
ребята, 8
размышления, 8
разговор, 8
ради, 8
прямо, 8
прочел, 8
противу, 8
правду, 8
песня, 8
палашка, 8
однажды, 8
обыкновенно, 8
обратился, 8
обо, 8
находился, 8
молча, 8
матери, 8
которого, 8
комнату, 8
кибитки, 8
какое, 8
каждый, 8
изволишь, 8
знал, 8
знаешь, 8
знает, 8
злодеи, 8
заметил, 8
жена, 8
думаешь, 8
друг, 8
доброго, 8
дверь, 8
дама, 8
дал, 8
голос, 8
голову, 8
говоря, 8
встретил, 8
вместо, 8
владыко, 8
бопре, 8
авось, 8
швабрину, 7
четыре, 7
чаю, 7
хотя, 7
угодно, 7
увидеть, 7
ту, 7
твоя, 7
такое, 7
судьба, 7
ступай, 7
стола, 7
стол, 7
стало, 7
солдаты, 7
случилось, 7
служба, 7
сел, 7
своем, 7
руки, 7
разбойников, 7
пушку, 7
прощайте, 7
принять, 7
превосходительство, 7
получил, 7
петра, 7
офицера, 7
оставили, 7
оставаться, 7
оренбурга, 7
одну, 7
ночь, 7
никто, 7
нежели, 7
нашу, 7
мысли, 7
моею, 7
мнения, 7
мере, 7
любовь, 7
крыльце, 7
крики, 7
крайней, 7
казака, 7
итак, 7
ими, 7
имени, 7
изволил, 7
идти, 7
ивановной, 7
ибо, 7
зная, 7
дядька, 7
другого, 7
домой, 7
дать, 7
дабы, 7
господа, 7
города, 7
говорил, 7
герасим, 7
генерала, 7
ворот, 7
верно, 7
бедного, 7
батюшки, 7
ба, 7
юлай, 6
швабриным, 6
чувства, 6
чрезвычайно, 6
честь, 6
чему, 6
утром, 6
улице, 6
узнала, 6
точно, 6
толпы, 6
тихо, 6
твоих, 6
стояли, 6
столь, 6
старуха, 6
старичок, 6
спокойно, 6
спать, 6
спасибо, 6
сошел, 6
состоянии, 6
смотреть, 6
словам, 6
скорее, 6
скажу, 6
сердца, 6
сей, 6
сего, 6
сделалось, 6
самозванцу, 6
речь, 6
рассказала, 6
ранен, 6
пришел, 6
привести, 6
прав, 6
почему, 6
посмотрим, 6
поразила, 6
полтину, 6
покамест, 6
показалось, 6
пожаловать, 6
платье, 6
петруша, 6
петрович, 6
палаша, 6
отправились, 6
отвечать, 6
остановились, 6
остался, 6
орел, 6
одно, 6
обращаясь, 6
ногах, 6
никакого, 6
никак, 6
нетерпением, 6
несмотря, 6
немедленно, 6
нашел, 6
наше, 6
находились, 6
накануне, 6
надеюсь, 6
надежды, 6
мусье, 6
мужик, 6
мимо, 6
месте, 6
лежит, 6
кузмичу, 6
крыльца, 6
кровати, 6
конце, 6
каково, 6
имя, 6
изредка, 6
играть, 6
игнатьича, 6
злодея, 6
завтра, 6
жизнь, 6
жениться, 6
жаром, 6
дороги, 6
дорога, 6
долгу, 6
дня, 6
дитя, 6
держал, 6
денег, 6
двор, 6
двери, 6
готов, 6
господин, 6
голубушка, 6
голова, 6
говорит, 6
говорила, 6
говори, 6
глаз, 6
вчера, 6
всякого, 6
вон, 6
вниманием, 6
виселицу, 6
видя, 6
взять, 6
ветер, 6
весть, 6
веришь, 6
бывало, 6
бросился, 6
брат, 6
благополучно, 6
бедной, 6
башкирец, 6
барин, 6
андрей, 6
юлая, 5
шубу, 5
шпагу, 5
шею, 5
шайку, 5
что-то, 5
человеку, 5
часто, 5
хочу, 5
хорошенько, 5
хлопуша, 5
ума, 5
узнав, 5
увидеться, 5
трудом, 5
трактире, 5
товарищей, 5
тобой, 5
тех, 5
твои, 5
таким, 5
также, 5
сына, 5
счастию, 5
счастие, 5
столом, 5
степь, 5
стану, 5
стала, 5
стакан, 5
спросила, 5
состояние, 5
совет, 5
снова, 5
смутился, 5
смотри, 5
смерти, 5
слышно, 5
слушай, 5
служить, 5
службы, 5
службу, 5
словах, 5
сих, 5
сели, 5
сделать, 5
сделал, 5
свидетелем, 5
свете, 5
свет, 5
самый, 5
самого, 5
рукою, 5
руке, 5
росту, 5
родители, 5
родителей, 5
раздался, 5
произнес, 5
прикажешь, 5
приехал, 5
прежде, 5
пошла, 5
потребовал, 5
послал, 5
пор, 5
пойду, 5
поединок, 5
подошел, 5
подал, 5
повторил, 5
племянница, 5
петербург, 5
песенку, 5
первый, 5
очутился, 5
офицеры, 5
отцу, 5
отправиться, 5
отворотился, 5
ответ, 5
отвели, 5
остались, 5
оставил, 5
оно, 5
окружали, 5
ожидая, 5
ожидать, 5
одном, 5
одна, 5
оборотился, 5
обедать, 5
недавно, 5
наших, 5
нашем, 5
нахмурясь, 5
навстречу, 5
мятежников, 5
мятежники, 5
мужа, 5
муж, 5
молить, 5
мнение, 5
место, 5
места, 5
меры, 5
мало-помалу, 5
лошадей, 5
лег, 5
ласково, 5
краю, 5
кончил, 5
комнате, 5
комендантского, 5
кого, 5
кафтане, 5
кармана, 5
караулом, 5
капитанша, 5
капитан, 5
какому, 5
каков, 5
каким, 5
казни, 5
казался, 5
имел, 5
имеет, 5
изволь, 5
избу, 5
идет, 5
иваном, 5
знаю, 5
злодеев, 5
записан, 5
жители, 5
жаль, 5
дочери, 5
дороге, 5
долг, 5
догадался, 5
делу, 5
девушку, 5
дворянин, 5
дворе, 5
дверей, 5
двадцать, 5
дали, 5
громко, 5
грозно, 5
гринева, 5
грех, 5
гости, 5
город, 5
головушка, 5
голове, 5
году, 5
говорить, 5
говорили, 5
глазами, 5
герасима, 5
гарнизон, 5
высокого, 5
вынул, 5
выйти, 5
встали, 5
вполголоса, 5
вина, 5
видеть, 5
видел, 5
взглянув, 5
вашу, 5
ваши, 5
важно, 5
буран, 5
бумаги, 5
будь, 5
боже, 5
благословения, 5
бедный, 5
бедную, 5
башкирцы, 5
батюшке, 5
ямщика, 4
шайки, 4
чтение, 4
читатель, 4
чашку, 4
хрыч, 4
хозяйка, 4
ходил, 4
ушла, 4
ухо, 4
утра, 4
успела, 4
успел, 4
усмешкою, 4
услыша, 4
усердие, 4
упала, 4
улыбкою, 4
узнали, 4
углу, 4
трепетом, 4
требовали, 4
толпе, 4
товарищ, 4
тихонько, 4
твоим, 4
твое, 4
такого, 4
таков, 4
такие, 4
такая, 4
схватил, 4
стыдно, 4
ступайте, 4
страшно, 4
стороне, 4
сторона, 4
стене, 4
старшин, 4
старался, 4
спорить, 4
спокойствие, 4
согласия, 4
согласился, 4
снегом, 4
снег, 4
сначала, 4
смотрел, 4
смеркаться, 4
слушал, 4
случае, 4
слезы, 4
следующее, 4
сироту, 4
сильное, 4
священника, 4
самым, 4
самому, 4
саблею, 4
руками, 4
родной, 4
рассказал, 4
рано, 4
раздавались, 4
разбойниками, 4
радости, 4
пять, 4
пушки, 4
путь, 4
прошу, 4
прошло, 4
прошла, 4
проститься, 4
простился, 4
просить, 4
просим, 4
просил, 4
продолжать, 4
пришли, 4
пристально, 4
принес, 4
приказал, 4
прикажи, 4
приехали, 4
приехала, 4
привели, 4
привел, 4
предложил, 4
почел, 4
поцелуй, 4
похоже, 4
поутру, 4
посреди, 4
посмотрел, 4
последовал, 4
последний, 4
попадьи, 4
помощь, 4
поминутно, 4
помилуй, 4
полу, 4
положении, 4
полк, 4
поле, 4
покойного, 4
показалась, 4
пока, 4
поздно, 4
поезжай, 4
подумал, 4
подозрения, 4
подать, 4
повторяя, 4
повторял, 4
повесить, 4
по-видимому, 4
площадь, 4
площади, 4
передо, 4
первом, 4
палашку, 4
очередь, 4
офицеру, 4
отроду, 4
отпусти, 4
отправить, 4
отдал, 4
отворилась, 4
ответа, 4
отвести, 4
отведи, 4
остановиться, 4
остановилась, 4
оставайся, 4
оправдание, 4
окна, 4
обыкновенного, 4
объяснить, 4
объявить, 4
облачко, 4
нужно, 4
ногам, 4
никому, 4
неужто, 4
неприятеля, 4
неправда, 4
небо, 4
наша, 4
находилась, 4
нападения, 4
назад, 4
мыслию, 4
могли, 4
милость, 4
мигом, 4
матушке, 4
лице, 4
лист, 4
кум, 4
кругом, 4
крик, 4
которых, 4
которым, 4
конь, 4
кончилось, 4
комнаты, 4
комендантши, 4
комендантский, 4
колени, 4
кое-как, 4
кибитку, 4
качая, 4
капрал, 4
календарь, 4
какие, 4
казнить, 4
казаки, 4
казаками, 4
искренно, 4
искать, 4
инвалидов, 4
инвалид, 4
изумленный, 4
издали, 4
изволите, 4
зурина, 4
здоровье, 4
задумался, 4
забуду, 4
жителей, 4
жаловать, 4
ехал, 4
егоровны, 4
дружески, 4
другую, 4
другом, 4
другое, 4
друга, 4
дрожащим, 4
дорожный, 4
дому, 4
доме, 4
дожил, 4
доброму, 4
добрая, 4
дней, 4
дерзость, 4
держать, 4
держа, 4
действовать, 4
девушки, 4
движение, 4
даст, 4
далее, 4
грустно, 4
государю, 4
господь, 4
господину, 4
голоса, 4
говорят, 4
выходи, 4
вчерашние, 4
вторично, 4
вся, 4
встретила, 4
встал, 4
всей, 4
вперед, 4
вошла, 4
ворота, 4
ворон, 4
вопросами, 4
вопрос, 4
воображал, 4
волю, 4
волен, 4
войско, 4
войска, 4
воина, 4
военные, 4
водку, 4
власьевна, 4
виде, 4
вид, 4
взятии, 4
вздохом, 4
взглянула, 4
вечером, 4
век, 4
везде, 4
вашего, 4
ваша, 4
вахмистр, 4
василисы, 4
вами, 4
будут, 4
будешь, 4
бледная, 4
беспокойство, 4
бежал, 4
бедная, 4
башкирцев, 4
барина, 4
арест, 4
анны, 4
анна, 4
алексея, 4
ай, 4
явилась, 3
эхе, 3
этих, 3
шум, 3
шел, 3
шапку, 3
шапка, 3
чулан, 3
чувство, 3
чувств, 3
что-де, 3
читал, 3
чистого, 3
чиновники, 3
чести, 3
часа, 3
чай, 3
целым, 3
хлеб, 3
халате, 3
утихла, 3
усмехнулся, 3
упал, 3
умирать, 3
умереть, 3
узнать, 3
ужо, 3
ужасом, 3
уехала, 3
удалось, 3
увидимся, 3
увидела, 3
тяжело, 3
тюрьму, 3
тулупчик, 3
тронулись, 3
триста, 3
тридцать, 3
требовал, 3
топить, 3
толпу, 3
толку, 3
товарищи, 3
тетрадку, 3
такую, 3
таки, 3
так-с, 3
сутки, 3
судьи, 3
судьбе, 3
строго, 3
стояло, 3
стоя, 3
стой, 3
стены, 3
стати, 3
старую, 3
стараясь, 3
старалась, 3
становилась, 3
спешил, 3
сперва, 3
спасти, 3
сорока, 3
сорок, 3
соломою, 3
солнце, 3
совету, 3
советовал, 3
советник, 3
совета, 3
совести, 3
собрал, 3
снял, 3
сношения, 3
сном, 3
смело, 3
смела, 3
смел, 3
слышать, 3
слышал, 3
слушаться, 3
случаю, 3
слух, 3
слуга, 3
слов, 3
слободы, 3
следующие, 3
следовать, 3
слабым, 3
сказав, 3
скажите, 3
сирота, 3
сильных, 3
сильнее, 3
силен, 3
сидя, 3
сидела, 3
сибирских, 3
сержантом, 3
сердцу, 3
сердито, 3
семеновский, 3
семейством, 3
семейство, 3
села, 3
сделалась, 3
свободе, 3
свиней, 3
свидетель, 3
светлицу, 3
сверкающие, 3
сватался, 3
самолюбие, 3
самое, 3
сами, 3
рукавицах, 3
решилась, 3
расскажу, 3
рассеять, 3
разговаривали, 3
разбудил, 3
радость, 3
рад, 3
пяти, 3
пуще, 3
пушек, 3
пути, 3
пустяки, 3
пусть, 3
пуститься, 3
пускай, 3
пули, 3
пугачеве, 3
прочитав, 3
просто, 3
проиграл, 3
продолжалась, 3
проворно, 3
проводить, 3
принялся, 3
прикажите, 3
придут, 3
придется, 3
придворный, 3
придворного, 3
привыкать, 3
прибавил, 3
презрение, 3
представить, 3
предположения, 3
предвещало, 3
прапорщик, 3
правительства, 3
пошли, 3
почитал, 3
походе, 3
потолкуем, 3
постоялый, 3
поспешно, 3
послушай, 3
пословица, 3
поскакал, 3
поры, 3
поп, 3
понял, 3
поневоле, 3
помощи, 3
помочь, 3
положил, 3
положения, 3
полагая, 3
показания, 3
показался, 3
показались, 3
поздоровался, 3
позвал, 3
пожалую, 3
пожалуй, 3
поехала, 3
поехал, 3
подхватили, 3
подумать, 3
подослал, 3
подозвал, 3
подле, 3
подвластной, 3
подавайте, 3
погрузился, 3
погребец, 3
поглядывал, 3
повел, 3
по-русски, 3
плохо, 3
плечо, 3
плеча, 3
племянницу, 3
платком, 3
пишет, 3
письма, 3
писал, 3
печальные, 3
песню, 3
пес, 3
перервала, 3
перемену, 3
переменить, 3
первого, 3
паспорт, 3
памяти, 3
памфиловны, 3
очутились, 3
очки, 3
охота, 3
охал, 3
отъезду, 3
отужинали, 3
оттого, 3
отставал, 3
отправим, 3
откуда, 3
открыл, 3
отворились, 3
оставшись, 3
оставить, 3
оставит, 3
осведомился, 3
осады, 3
оренбургу, 3
оренбургских, 3
опасности, 3
окружили, 3
окошка, 3
одним, 3
одет, 3
обыкновенной, 3
обыкновению, 3
объявлял, 3
объявлением, 3
обстоятельствах, 3
обстоятельства, 3
обратясь, 3
обрадовался, 3
обоих, 3
облучок, 3
обер-секретарь, 3
обедом, 3
оба, 3
ныне, 3
ночевать, 3
ноги, 3
неудовольствия, 3
некогда, 3
нежности, 3
недалече, 3
невозможно, 3
невинности, 3
нашему, 3
начальнику, 3
начальники, 3
начали, 3
народу, 3
напрасно, 3
нанимать, 3
намерении, 3
намерение, 3
намерен, 3
найдешь, 3
надлежащие, 3
надел, 3
мучила, 3
мундир, 3
мрачно, 3
мошенники, 3
москву, 3
молодцу, 3
молода, 3
моими, 3
мной, 3
множеством, 3
милостивый, 3
милая, 3
мигнул, 3
месяца, 3
менее, 3
медлить, 3
махнул, 3
мать, 3
матушку, 3
малый, 3
мало, 3
любопытство, 3
любезной, 3
лицу, 3
лица, 3
лестнице, 3
лежал, 3
легче, 3
ладно, 3
крыльцо, 3
кружок, 3
кривому, 3
крепостей, 3
крепко, 3
крайности, 3
которыми, 3
коня, 3
кончится, 3
кому, 3
командиров, 3
коллежский, 3
коего, 3
князь, 3
княжнин, 3
кем, 3
картечью, 3
караульные, 3
капитанская, 3
камер-лакей, 3
какую, 3
как-нибудь, 3
казнь, 3
истину, 3
испугался, 3
ин, 3
имела, 3
изволили, 3
известно, 3
известия, 3
избы, 3
из-под, 3
игнатьичу, 3
иванычем, 3
иваныча, 3
иванович, 3
зурину, 3
значительно, 3
знаки, 3
злодеями, 3
злодею, 3
злодей, 3
злодеем, 3
землю, 3
затянул, 3
застал, 3
заснул, 3
замуж, 3
закричала, 3
задумчивость, 3
живостию, 3
жива, 3
женился, 3
желание, 3
желал, 3
ждать, 3
жалует, 3
ежедневно, 3
еду, 3
егоровну, 3
егоровной, 3
дядьки, 3
души, 3
душа, 3
дух, 3
думаю, 3
думаете, 3
другие, 3
дрожащею, 3
дочерью, 3
досаду, 3
досадою, 3
дорогою, 3
доложить, 3
доволен, 3
доброй, 3
доброе, 3
детушки, 3
детинушка, 3
десять, 3
деревню, 3
дела, 3
действие, 3
девушка, 3
двух, 3
дворянина, 3
дворец, 3
две, 3
даром, 3
давать, 3
грудь, 3
гринев, 3
готовы, 3
государыне, 3
господина, 3
горько, 3
головы, 3
год, 3
гм, 3
глубоко, 3
генералу, 3
вышли, 3
вышла, 3
вытерпел, 3
высоты, 3
выслушала, 3
выражением, 3
выражение, 3
выехали, 3
выдать, 3
второй, 3
вспомня, 3
всеми, 3
врать, 3
ворчал, 3
вопросом, 3
волоса, 3
волнение, 3
воли, 3
войск, 3
возьми, 3
возразила, 3
возвратился, 3
вожатый, 3
воду, 3
водки, 3
влияние, 3
власьевны, 3
власти, 3
вишь, 3
виселице, 3
визг, 3
виду, 3
видит, 3
взяла, 3
вечер, 3
весьма, 3
весь, 3
веселым, 3
верхом, 3
верстах, 3
верный, 3
великую, 3
великодушно, 3
великий, 3
ваш, 3
василису, 3
василисой, 3
валу, 3
важность, 3
быстро, 3
бывали, 3
буря, 3
бунтовщиков, 3
бунтовщиками, 3
будьте, 3
буде, 3
бродяга, 3
бороду, 3
большим, 3
бодрость, 3
бешенстве, 3
берегу, 3
белую, 3
белом, 3
белой, 3
белобородов, 3
безо, 3
бежали, 3
башкирца, 3
барабан, 3
армии, 3
андреевича, 3
алексеем, 3
акулины, 3
1773, 3
1, 3
***, 3
ярко, 2
ямщику, 2
яицких, 2
яика, 2
являлся, 2
явиться, 2
эх, 2
этому, 2
эй, 2
щи, 2
шутку, 2
шло, 2
широкоплеч, 2
шесть, 2
шевелился, 2
шведа, 2
шапки, 2
шапке, 2
шагом, 2
шагая, 2
чьих, 2
чудные, 2
чувствуя, 2
чувствования, 2
чувствам, 2
что-нибудь, 2
чрез, 2
читая, 2
число, 2
чиновников, 2
четырех, 2
четверинках, 2
честный, 2
черную, 2
черной, 2
человеком, 2
чая, 2
чаще, 2
чашкою, 2
частоколом, 2
частокол, 2
частию, 2
части, 2
часов, 2
цирюльник, 2
цепи, 2
целый, 2
целуй, 2
царь, 2
хуже, 2
христианской, 2
хочет, 2
хотела, 2
хорош, 2
хозяюшкою, 2
хозяйством, 2
хозяином, 2
хозяина, 2
ходила, 2
ходи, 2
хлопотать, 2
хлеба, 2
хладнокровно, 2
херасков, 2
фремя, 2
француза, 2
фортеции, 2
фельдмаршал, 2
февраля, 2
уши, 2
ушей, 2
учителя, 2
учил, 2
учение, 2
участия, 2
утро, 2
утреннем, 2
устремил, 2
устрашала, 2
устиньей, 2
успокоил, 2
успехе, 2
успехам, 2
успели, 2
успеет, 2
успев, 2
усилием, 2
уселись, 2
уроков, 2
упрямство, 2
упреком, 2
управляла, 2
унять, 2
умолку, 2
умничать, 2
умел, 2
ума-разума, 2
улицу, 2
улицам, 2
указывая, 2
указал, 2
уйдет, 2
узнают, 2
уздцы, 2
узду, 2
ужасных, 2
ужасно, 2
ужас, 2
уехал, 2
удобного, 2
удивлением, 2
удачи, 2
удастся, 2
ударил, 2
удар, 2
уговорил, 2
увидишь, 2
увидели, 2
увидев, 2
уверена, 2
уверен, 2
уведомить, 2
уведи, 2
убитого, 2
тягостно, 2
тучу, 2
турку, 2
тулупе, 2
трудно, 2
трубку, 2
тропинке, 2
тронута, 2
тройкою, 2
тридцати, 2
трепещущая, 2
требует, 2
тратить, 2
трапезою, 2
трактир, 2
торжеством, 2
топор, 2
толпились, 2
товарищу, 2
товарищем, 2
товарищами, 2
товарищам, 2
товарища, 2
то-то, 2
тише, 2
тесной, 2
терпение, 2
темноте, 2
темно, 2
телу, 2
тела, 2
тебя-то, 2
те, 2
твою, 2
твоему, 2
твердым, 2
твердостию, 2
твердо, 2
татарин, 2
таскали, 2
таком, 2
таких, 2
такими, 2
тайне, 2
таить, 2
счастливый, 2
счастливы, 2
счастливо, 2
счастия, 2
сущую, 2
сурово, 2
супруги, 2
сундуки, 2
сумароков, 2
судом, 2
судить, 2
суда, 2
сугроб, 2
строки, 2
строк, 2
строгий, 2
строгие, 2
страшный, 2
страха, 2
страх, 2
страсти, 2
странному, 2
странном, 2
странная, 2
стоят, 2
стоит, 2
стихотворцам, 2
стеною, 2
стеклом, 2
стащили, 2
старым, 2
старые, 2
старшины, 2
старушка, 2
старость, 2
старичку, 2
старинушка, 2
старину, 2
старинные, 2
старинная, 2
старики, 2
становился, 2
становились, 2
ставку, 2
ссоры, 2
ссориться, 2
спросили, 2
спотыкается, 2
способов, 2
способа, 2
способ, 2
сплеснул, 2
спину, 2
спасении, 2
спальню, 2
спал, 2
состояло, 2
состояла, 2
сосед, 2
сор, 2
сопровождал, 2
сопровождаемый, 2
сон, 2
сомневался, 2
солдатская, 2
солдатом, 2
солдата, 2
содержит, 2
соглашусь, 2
соглашался, 2
согласятся, 2
согласно, 2
согласии, 2
согласен, 2
совещание, 2
советую, 2
совестно, 2
совестию, 2
собственное, 2
собрать, 2
собрались, 2
собеседники, 2
собачий, 2
собаки, 2
сняв, 2
сне, 2
смятении, 2
смотрели, 2
смотрела, 2
смолоду, 2
смеяться, 2
смеясь, 2
смеялся, 2
сметливость, 2
смертоубийство, 2
смейся, 2
смеет, 2
слыхал, 2
слушая, 2
случая, 2
случай, 2
служил, 2
служа, 2
сложенную, 2
словами, 2
слободу, 2
слез, 2
следующей, 2
следствием, 2
слабостию, 2
слабости, 2
скрылся, 2
скрывать, 2
скромный, 2
сколько, 2
скирдами, 2
скирда, 2
скатертью, 2
сказано, 2
сказали, 2
скажут, 2
скажет, 2
сияло, 2
сия, 2
симбирском, 2
симбирской, 2
симбирск, 2
сим, 2
сила, 2
сии, 2
сиди, 2
сидеть, 2
сидели, 2
сержант, 2
сердитым, 2
сени, 2
семьдесят, 2
семь, 2
селения, 2
секретарь, 2
седьмом, 2
седых, 2
седло, 2
сделано, 2
сделала, 2
свирепствовал, 2
свидетелях, 2
свидания, 2
свету, 2
светлицы, 2
сверху, 2
свежий, 2
самая, 2
садись, 2
сад, 2
рюмку, 2
ручку, 2
русской, 2
рука, 2
ружья, 2
рубля, 2
роту, 2
рот, 2
российских, 2
роду, 2
родственника, 2
родные, 2
рода, 2
решиться, 2
решено, 2
решение, 2
решался, 2
реки, 2
реестр, 2
ребятишками, 2
ребенок, 2
рваные, 2
расхлопоталась, 2
растерял, 2
растерзать, 2
рассуждения, 2
рассуждать, 2
рассуди, 2
расстреляем, 2
расстоянии, 2
расстались, 2
расставаться, 2
расспрашивать, 2
рассматривал, 2
рассказы, 2
распоряжения, 2
расположение, 2
раны, 2
рану, 2
рамке, 2
разумеется, 2
разошелся, 2
разлука, 2
раздевать, 2
разговорилась, 2
разговаривал, 2
развернул, 2
разбойника, 2
разбойник, 2
равно, 2
рабски, 2
работу, 2
пятые, 2
пьяницы, 2
пьян, 2
пустое, 2
пустил, 2
пуншу, 2
пугачевского, 2
прощения, 2
прочитай, 2
прочие, 2
прочее, 2
прочая, 2
протянул, 2
противуречил, 2
противное, 2
противника, 2
против, 2
прося, 2
просьбу, 2
простясь, 2
простирались, 2
проснулся, 2
проснувшись, 2
просит, 2
просила, 2
проси, 2
пропустили, 2
пропуск, 2
пропадешь, 2
проклятый, 2
проклятого, 2
проклятая, 2
пройдет, 2
происшествия, 2
произнесено, 2
произнесенное, 2
производило, 2
продолжая, 2
продолжался, 2
продолжалось, 2
проворчал, 2
проводил, 2
провел, 2
пробежал, 2
приятною, 2
причиною, 2
причине, 2
причина, 2
притворной, 2
присяги, 2
присутствовал, 2
присутствии, 2
приступа, 2
приступ, 2
пристанища, 2
природный, 2
принято, 2
принята, 2
приняла, 2
принял, 2
принуждает, 2
принудил, 2
принимает, 2
принесли, 2
принесла, 2
примеру, 2
приказную, 2
приказаний, 2
приказ, 2
прикажете, 2
прийти, 2
признаюсь, 2
признаться, 2
признать, 2
признание, 2
признался, 2
признает, 2
придумать, 2
придворной, 2
придавали, 2
приготовились, 2
привычках, 2
привычка, 2
приведи, 2
приближились, 2
прибегаю, 2
прерывая, 2
прерваны, 2
прекрасную, 2
представляет, 2
представилась, 2
предпочел, 2
предмет, 2
предложение, 2
предлогом, 2
предводителю, 2
предвидел, 2
предаваться, 2
прапорщика, 2
православный, 2
правда, 2
пояс, 2
пощады, 2
пощадили, 2
почувствовал, 2
почтительно, 2
поцеловал, 2
поход, 2
похвалы, 2
потупил, 2
потолковать, 2
потише, 2
потащили, 2
посуду, 2
постучался, 2
постоялом, 2
постели, 2
постеле, 2
поставили, 2
поспешного, 2
поспешил, 2
посмотри, 2
послушались, 2
послушайте, 2
послужит, 2
последовать, 2
последняя, 2
последнего, 2
послать, 2
поскакали, 2
посадили, 2
посадив, 2
порядок, 2
порядку, 2
поручика, 2
пороху, 2
породы, 2
поразил, 2
поражен, 2
попутал, 2
попадье, 2
понять, 2
понравилась, 2
понимаю, 2
помолчав, 2
помог, 2
помнит, 2
помиримся, 2
пользу, 2
получить, 2
получением, 2
получал, 2
полсотни, 2
полосатый, 2
полон, 2
положив, 2
полный, 2
полночь, 2
полку, 2
полати, 2
поладили, 2
покраснела, 2
поколебали, 2
поклонился, 2
покину, 2
покачал, 2
показывают, 2
покажи-ка, 2
пойдем, 2
познакомились, 2
позабыл, 2
пожимая, 2
поединке, 2
поедет, 2
подходили, 2
подошла, 2
подошед, 2
подойди, 2
подозрением, 2
подобострастия, 2
подобном, 2
поднял, 2
поднес, 2
поди, 2
подвели, 2
подбежал, 2
подавая, 2
подавай, 2
погодите, 2
погоди, 2
поглядел, 2
повторила, 2
повсюду, 2
поводья, 2
повиноваться, 2
повели, 2
повелению, 2
повеление, 2
поведение, 2
повалил, 2
побрякивает, 2
побежал, 2
по-французски, 2
по-твоему, 2
по-старинному, 2
плюнь, 2
плечами, 2
пишут, 2
питаться, 2
писано, 2
пирует, 2
печальная, 2
петру, 2
петербургской, 2
персона, 2
перо, 2
перечитывал, 2
переменилось, 2
перемена, 2
перекладиной, 2
перекладине, 2
переднюю, 2
передней, 2
перегородкой, 2
переведен, 2
первые, 2
первою, 2
первой, 2
пера, 2
пасти, 2
памфиловну, 2
памфиловной, 2
памфиловна, 2
палашей, 2
пазуху, 2
очную, 2
очистить, 2
охотою, 2
офицером, 2
офицеров, 2
отчего, 2
отчасти, 2
отцом, 2
отстать, 2
отсидимся, 2
отряжен, 2
отряде, 2
отряд, 2
отрепьев, 2
отпустите, 2
отправилась, 2
отписать, 2
отобедать, 2
откладывать, 2
отечества, 2
отдаленный, 2
отдавая, 2
отворяй, 2
отворил, 2
ответы, 2
ответственность, 2
отвел, 2
осыпала, 2
острог, 2
осторожностию, 2
остановили, 2
останавливался, 2
оставила, 2
оставалась, 2
оспоривать, 2
особенного, 2
оскорбил, 2
осени, 2
освободить, 2
освещена, 2
осада, 2
оружия, 2
оренбургскую, 2
оренбургской, 2
оренбургские, 2
опыту, 2
опустил, 2
опустела, 2
опрометью, 2
оправдаться, 2
опомниться, 2
опомнился, 2
описывать, 2
описал, 2
оное, 2
октября, 2
окончания, 2
окаянные, 2
оказались, 2
озабоченным, 2
ожидали, 2
ожидала, 2
ожидал, 2
одушевляла, 2
одною, 2
огород, 2
огонь, 2
огня, 2
огни, 2
оглянулся, 2
овчинный, 2
овраг, 2
овладело, 2
обычай, 2
объясняться, 2
объяснения, 2
объявила, 2
общество, 2
обстоятельств, 2
обратил, 2
образ, 2
оборонительное, 2
оборонительно, 2
обнять, 2
обнажили, 2
обмерла, 2
обманывать, 2
обманывает, 2
обман, 2
облучке, 2
обливаясь, 2
обижать, 2
обещанию, 2
обещание, 2
обещаешься, 2
обе, 2
обвинения, 2
нужным, 2
нужен, 2
нравилась, 2
нрав, 2
ночью, 2
ночи, 2
ноздри, 2
ног, 2
новые, 2
новость, 2
новешенький, 2
ничто, 2
нитки, 2
нимало, 2
никаких, 2
нижнеозерной, 2
нижнеозерная, 2
нечаянно, 2
неутешен, 2
неудовольствием, 2
нетерпеливо, 2
нет-с, 2
несчастного, 2
нескольких, 2
несказанно, 2
неприятель, 2
непременно, 2
неожиданная, 2
необходимость, 2
необходимо, 2
ненависти, 2
немножко, 2
немного, 2
некоторые, 2
некому, 2
неизвестность, 2
незнакомой, 2
незваный, 2
незаметно, 2
недолго, 2
недоверчивости, 2
неделю, 2
недель, 2
недалеко, 2
негодования, 2
невольно, 2
невесты, 2
невесте, 2
невеста, 2
неверности, 2
небось, 2
неба, 2
начинало, 2
начальства, 2
начальников, 2
начальника, 2
начальник, 2
начало, 2
находится, 2
нахмурился, 2
насчет, 2
наступательное, 2
наступательно, 2
насмешливости, 2
наскоро, 2
насильно, 2
насилу, 2
народная, 2
народа, 2
написать, 2
напасти, 2
накинули, 2
найдется, 2
наискось, 2
называли, 2
назначенный, 2
назначения, 2
назвать, 2
наедине, 2
надлежит, 2
надзором, 2
надеяться, 2
надеялся, 2
надели, 2
надежде, 2
надежа, 2
мятежных, 2
мыслями, 2
мучило, 2
мундире, 2
мужичок, 2
мужиков, 2
мужика, 2
мужем, 2
мудрено, 2
мрачную, 2
мошенник, 2
москвы, 2
мороз, 2
молю, 2
молчи, 2
молчание, 2
молчали, 2
молчал, 2
молодые, 2
молодца, 2
молодость, 2
молодости, 2
молодому, 2
молодого, 2
молитву, 2
могут, 2
могилы, 2
множество, 2
мнением, 2
миронову, 2
миронов, 2
мир, 2
минуты, 2
милует, 2
милостив, 2
милостей, 2
милой, 2
миловать, 2
месяц, 2
месту, 2
мертвечину, 2
мертвая, 2
мелькнула, 2
манжетами, 2
мадам, 2
лютой, 2
людьми, 2
любопытством, 2
любимую, 2
любил, 2
любви, 2
ль, 2
луга, 2
лишних, 2
лишние, 2
лишился, 2
лицом, 2
лицами, 2
лжешь, 2
лечил, 2
лезть, 2
лбу, 2
лаской, 2
куда-нибудь, 2
крыльцу, 2
кровью, 2
кровь, 2
крови, 2
кричал, 2
криком, 2
крестьянский, 2
крепостным, 2
крепостию, 2
края, 2
красном, 2
красная, 2
край, 2
косо, 2
коротких, 2
кончиться, 2
кончено, 2
комната, 2
комиссию, 2
коменданты, 2
комендантскому, 2
комендантом, 2
командиры, 2
кольнуло, 2
колокольчик, 2
колокольный, 2
колким, 2
коим, 2
коей, 2
когда-нибудь, 2
князя, 2
князю, 2
клюнул, 2
кликнуть, 2
кликнула, 2
кликал, 2
клевать, 2
киргизцев, 2
киргизской, 2
кивнул, 2
касательно, 2
картечь, 2
карловичу, 2
карета, 2
караульными, 2
карауле, 2
караула, 2
караул, 2
капитану, 2
каменной, 2
каком, 2
каких, 2
какими, 2
каким-то, 2
каким-нибудь, 2
как-то, 2
казацких, 2
казаться, 2
казань, 2
казалась, 2
казаком, 2
каждой, 2
кабаке, 2
истребление, 2
историю, 2
истины, 2
исступлении, 2
испугалась, 2
императрицы, 2
императрице, 2
императрица, 2
императора, 2
имею, 2
иметь, 2
имело, 2
имели, 2
изумление, 2
изумился, 2
изобразило, 2
изображало, 2
изменников, 2
измене, 2
извольте, 2
изволит, 2
извиняться, 2
извините, 2
известием, 2
известие, 2
известен, 2
избе, 2
избавить, 2
игру, 2
игнатьичем, 2
ивановичем, 2
ивановича, 2
зуриным, 2
зовут, 2
знамена, 2
знакомая, 2
знак, 2
зеленого, 2
здравствуйте, 2
здоров, 2
звон, 2
звать, 2
заячьем, 2
защиту, 2
зашел, 2
зашатался, 2
захрапел, 2
затрепетал, 2
зато, 2
застенчивости, 2
заставляло, 2
заставляет, 2
засвидетельствовать, 2
засверкали, 2
зарыдала, 2
заранее, 2
запрос, 2
заплакала, 2
заплакал, 2
заплакав, 2
записки, 2
запинаясь, 2
заперты, 2
запер, 2
занята, 2
занят, 2
занимался, 2
занемогла, 2
замыслах, 2
замолчал, 2
замком, 2
замечания, 2
замечал, 2
заметно, 2
законному, 2
заколоть, 2
заикнулась, 2
задуматься, 2
задремал, 2
завыл, 2
зависит, 2
завела, 2
забыть, 2
забыл, 2
заблаговременно, 2
жить, 2
жило, 2
жили, 2
жил, 2
жизнию, 2
живы, 2
живого, 2
живем, 2
жертвы, 2
жены, 2
женский, 2
жене, 2
ждут, 2
ешовы, 2
ехала, 2
емеля, 2
ей-богу, 2
ежовых, 2
едешь, 2
едет, 2
едва, 2
дыханием, 2
душу, 2
душе, 2
душ, 2
дурь, 2
думали, 2
думала, 2
другу, 2
других, 2
другим, 2
дочка, 2
достоин, 2
доставить, 2
допросить, 2
допрос, 2
доносы, 2
доносить, 2
домов, 2
должность, 2
должна, 2
доказать, 2
дожидался, 2
догадалась, 2
довольным, 2
добру, 2
добродетель, 2
добраться, 2
добра, 2
добиться, 2
длинными, 2
длинный, 2
диплом, 2
диване, 2
детей, 2
деревушку, 2
дерево, 2
деревни, 2
делом, 2
делая, 2
действия, 2
девушкою, 2
девку, 2
девках, 2
девицу, 2
девица, 2
двумя, 2
двору, 2
движения, 2
дверям, 2
двадцати, 2
даму, 2
дамою, 2
дам, 2
далече, 2
дадим, 2
дав, 2
густую, 2
гусары, 2
гулять, 2
губерния, 2
грубых, 2
громогласно, 2
грозные, 2
гришка, 2
грибы, 2
грибки, 2
греха, 2
град, 2
готовясь, 2
готовый, 2
готовить, 2
готовились, 2
государыни, 2
государи, 2
государем, 2
государев, 2
гостях, 2
гостя, 2
гость, 2
господских, 2
городских, 2
городе, 2
горели, 2
гордо, 2
голубой, 2
голосов, 2
голод, 2
гнусными, 2
гнусном, 2
гляди, 2
глядеть, 2
глубокой, 2
глубокого, 2
глубоким, 2
глазетовом, 2
глазах, 2
гладко, 2
главным, 2
герасиму, 2
гей, 2
гвардейский, 2
гарнизонная, 2
выхватил, 2
выступили, 2
выступил, 2
выстроены, 2
высоком, 2
высокоблагородию, 2
высокая, 2
выслушал, 2
выслужила, 2
вырвал, 2
выражениях, 2
выражению, 2
выпил, 2
вызвался, 2
выехать, 2
выехал, 2
выезжал, 2
выдумал, 2
выгоду, 2
выведать, 2
въехали, 2
ву, 2
втроем, 2
всячески, 2
всякому, 2
всяких, 2
встретить, 2
встала, 2
вставая, 2
вспыхнув, 2
вспомнил, 2
вслух, 2
вслед, 2
вскочил, 2
всего-навсе, 2
всегдашние, 2
все-таки, 2
вручила, 2
вреда, 2
врагом, 2
впредь, 2
вправо, 2
впереди, 2
вошли, 2
восторгом, 2
восток, 2
воспользовался, 2
воры, 2
воротиться, 2
воротам, 2
вор, 2
вопросы, 2
вооруженных, 2
вообразить, 2
воображение, 2
воображая, 2
волосами, 2
волос, 2
волновали, 2
волк, 2
воле, 2
вокруг, 2
войске, 2
войны, 2
возьмут, 2
возмущения, 2
возмущение, 2
воззвание, 2
возвратилась, 2
возвратила, 2
воз, 2
вожатого, 2
военных, 2
военном, 2
воды, 2
внимания, 2
вкратце, 2
виселицы, 2
висела, 2
висел, 2
вином, 2
виноватый, 2
виделся, 2
видели, 2
видали, 2
взятие, 2
взяли, 2
взоры, 2
вздумал, 2
взад, 2
вешать, 2
вечно, 2
веселостию, 2
весело, 2
вершины, 2
верхами, 2
веревку, 2
веник, 2
велю, 2
великой, 2
вел, 2
ввел, 2
вбежал, 2
вашими, 2
вашему, 2
васильевна, 2
вал, 2
важное, 2
быстрым, 2
бунта, 2
бумагою, 2
будущему, 2
будучи, 2
буди, 2
будете, 2
будем, 2
бросив, 2
братья, 2
брань, 2
бранить, 2
боялся, 2
боялась, 2
бось, 2
борода, 2
большой, 2
большею, 2
больную, 2
больна, 2
болезни, 2
божия, 2
божией, 2
бодрый, 2
блажь, 2
благослови, 2
благоразумнее, 2
благополучия, 2
благодаря, 2
благодарил, 2
благодарен, 2
биллиарде, 2
бессилие, 2
беспокойством, 2
беспокоиться, 2
беспокоился, 2
беспокоило, 2
бережно, 2
береги, 2
белье, 2
белым, 2
белогорская, 2
безопасности, 2
безделицу, 2
бедствия, 2
бедных, 2
беглого, 2
бегали, 2
батька, 2
барышня, 2
барыня, 2
барское, 2
барский, 2
баню, 2
бане, 2
ахти, 2
ахнул, 2
атамана, 2
архип, 2
артиллерия, 2
андрея, 2
андрею, 2
андреича, 2
андреевич, 2
али, 2
александр, 2
акулину, 2
акулиной, 2
акулина, 2
авдотья, 2
iii, 2
ii, 2
1772, 2
ястребиными, 1
ясный, 1
ясного, 1
ясно, 1
ямщики, 1
якши, 1
якобы, 1
яицкого, 1
яицкий, 1
яицкие, 1
языке, 1
языка, 1
язык, 1
ядро, 1
ядрам, 1
явственно, 1
явным, 1
явною, 1
явно, 1
яблоньки, 1
яблони, 1
я-те, 1
юридическому, 1
юлаю, 1
юзеевой, 1
ю, 1
эх-хе-хе, 1
эпитимию, 1
эпитафия, 1
эпиграф, 1
элегией, 1
экспедиция, 1
экономия, 1
экая, 1
эге, 1
щипцов, 1
щипцами, 1
щепки, 1
щеки, 1
щеках, 1
шутки, 1
шутишь, 1
шутить, 1
шумно, 1
шуми, 1
шубе, 1
шуба, 1
штыки, 1
штык, 1
штофом, 1
штофов, 1
штофами, 1
штоф, 1
штаны, 1
штанов, 1
шпионы, 1
шпионом, 1
шпион, 1
шпагах, 1
шпага, 1
шляпах, 1
шли, 1
шла, 1
шкаф, 1
шкатулке, 1
шкапа, 1
шкап, 1
шить, 1
широкоплечему, 1
широкому, 1
широкое, 1
широким, 1
широкий, 1
шириною, 1
шестьдесят, 1
шесток, 1
шестнадцать, 1
шестидесяти, 1
шерстяную, 1
шерсти, 1
шепчешь, 1
шептал, 1
шелковый, 1
шелковую, 1
шеи, 1
шевелится, 1
швырнула, 1
швырнул, 1
швам, 1
швабрине, 1
шаткости, 1
шатавшийся, 1
шары, 1
шаровары, 1
шароварах, 1
шарили, 1
шапкою, 1
шапках, 1
шапкам, 1
шаматон, 1
шайкою, 1
шайка, 1
шагнул, 1
шаги, 1
чутья, 1
чумаков, 1
чулане, 1
чужой, 1
чужие, 1
чугунную, 1
чувствуете, 1
чувствовала, 1
чувствительную, 1
чтению, 1
чрезвычайного, 1
читателя, 1
читателю, 1
читала, 1
читай, 1
чистую, 1
чистосердечным, 1
чистосердечно, 1
чистенькую, 1
чиста, 1
чину, 1
чиновниками, 1
чинов, 1
чинили, 1
чинил, 1
чин, 1
чехарду, 1
четверть, 1
четвертый, 1
четверо, 1
честолюбия, 1
честном, 1
честного, 1
черты, 1
черту, 1
черти, 1
черт, 1
черными, 1
черные, 1
черное, 1
чернели, 1
чернела, 1
чернеется, 1
чепце, 1
чему-то, 1
чемодан, 1
чем-нибудь, 1
человеческою, 1
человеческое, 1
человеческого, 1
человеколюбия, 1
человеке, 1
челобитье, 1
чаятельно, 1
чаяния, 1
чашке, 1
часы, 1
частый, 1
часовые, 1
часам, 1
чайным, 1
чайную, 1
чайною, 1
циновку, 1
церковью, 1
церкви, 1
церемонии, 1
цепь, 1
ценам, 1
цель, 1
целые, 1
целуя, 1
целовальника, 1
цветных, 1
царя, 1
царю, 1
царствования, 1
царствовало, 1
царствовала, 1
царствовал, 1
царском, 1
царские, 1
худощав, 1
худой, 1
худо, 1
худеньком, 1
худая, 1
худ, 1
хрюканьем, 1
хрыча, 1
хрущевым, 1
хромую, 1
хромой, 1
христа, 1
хриплым, 1
хранить, 1
хранившийся, 1
хочется, 1
хохот, 1
хотят, 1
хотите, 1
хотим, 1
хотели, 1
хотевшая, 1
хороший, 1
хорошей, 1
хорошего, 1
хоромами, 1
хором, 1
хомут, 1
холостою, 1
холопьями, 1
холопье, 1
холоп, 1
холодным, 1
холодностию, 1
холодной, 1
холодного, 1
холод, 1
холмик, 1
холмами, 1
хозяюшку, 1
хозяйства, 1
хозяйские, 1
хозяйничал, 1
хозяева, 1
ходить, 1
ходит, 1
ходатаем, 1
хмель, 1
хмелинушка, 1
хлопьями, 1
хлопчатой, 1
хлопуши, 1
хлопушей, 1
хлебом, 1
хлебнуть, 1
хлебном, 1
хладнокровия, 1
хладнокровие, 1
хладнокровен, 1
хитрить, 1
хвост, 1
хворостом, 1
хватила, 1
хвастливость, 1
хвастливостию, 1
хвастал, 1
хвалятся, 1
харловой, 1
халата, 1
халат, 1
фуфайку, 1
фуй, 1
фрунт, 1
фридериком, 1
французскую, 1
французских, 1
француз, 1
фортецию, 1
формально, 1
фонарь, 1
фомке, 1
флигелей, 1
фитиль, 1
физически, 1
фигуру, 1
фехтовании, 1
феодоровичу, 1
фельдмаршалы, 1
фельдмаршалом, 1
федоровичем, 1
федорович, 1
федор, 1
фамилии, 1
ушами, 1
уш, 1
учрежденную, 1
учредите, 1
учишь, 1
учить, 1
учителем, 1
учиня, 1
ученье, 1
учений, 1
участь, 1
участи, 1
участвовал, 1
уцелело, 1
уцелевшую, 1
ухом, 1
ухи, 1
ухват, 1
ухаживать, 1
ухаживало, 1
утробе, 1
утрам, 1
утомлены, 1
утомленный, 1
утихнет, 1
утих, 1
утешить, 1
утешения, 1
утешению, 1
утешался, 1
утешались, 1
утешали, 1
утверждало, 1
утвердительно, 1
утвердился, 1
утайку, 1
утаить, 1
утаил, 1
усыпленный, 1
усыпить, 1
уступить, 1
уступая, 1
устроить, 1
устремилось, 1
устрашали, 1
устоять, 1
установленным, 1
устал, 1
уставленный, 1
успокойтесь, 1
успокой, 1
успокоить, 1
успокоился, 1
успокоились, 1
успокоилась, 1
успокоенный, 1
успехом, 1
успехах, 1
успех, 1
успеть, 1
успеешь, 1
успеем, 1
успевает, 1
усмиренного, 1
усмирение, 1
усмехнуться, 1
усмехаешься, 1
услышит, 1
услышать, 1
услышала, 1
услышав, 1
услужливости, 1
услугу, 1
услугам, 1
условились, 1
ускорили, 1
ускорил, 1
ускакать, 1
ускакали, 1
ускакал, 1
усилило, 1
усеялась, 1
усердно, 1
усердия, 1
усердием, 1
уселся, 1
усастый, 1
усами, 1
усаживаясь, 1
усадьбы, 1
усадил, 1
уронила, 1
урок, 1
упрямься, 1
упрямого, 1
упрямится, 1
упряжь, 1
упросите, 1
упражнялся, 1
упражнения, 1
управы, 1
управляюсь, 1
управляемой, 1
управлении, 1
управимся, 1
управился, 1
употребленного, 1
употребления, 1
употреблен, 1
употребить, 1
упорное, 1
упоминать, 1
упоминал, 1
упоении, 1
упекли, 1
унынием, 1
уныние, 1
унылую, 1
унылое, 1
унывай, 1
уничтоживший, 1
уничтоженным, 1
уничтоженный, 1
уничтожению, 1
уничтожении, 1
унижению, 1
умышляется, 1
умышленным, 1
умыт, 1
умы, 1
умудрился, 1
уму, 1
умру, 1
уморить, 1
умори, 1
умоляющим, 1
умолял, 1
умолкнувшие, 1
умолкала, 1
умолк, 1
умолим, 1
умный, 1
умножал, 1
умничают, 1
умничал, 1
умничай, 1
умнее, 1
умирал, 1
умиления, 1
умилению, 1
уметь, 1
умету, 1
умет, 1
умерщвлены, 1
умерли, 1
умеренную, 1
умер, 1
умеете, 1
уме, 1
ум, 1
улыбнуться, 1
улыбнулась, 1
улыбка, 1
улучшения, 1
уложили, 1
уложи, 1
уложено, 1
уловка, 1
улицы, 1
улицах, 1
улица, 1
улегся, 1
улаживая, 1
укутывал, 1
укусит, 1
укрывались, 1
укрепленное, 1
укреплениям, 1
укреплений, 1
украшенного, 1
украли, 1
укоризнами, 1
укоренена, 1
укора, 1
укор, 1
укокошил, 1
указывал, 1
указав, 1
указ, 1
укажет, 1
узок, 1
узнает, 1
узнаем, 1
узлы, 1
узкой, 1
узенькое, 1
узенькие, 1
уздечка, 1
ужину, 1
ужина, 1
ужасными, 1
ужасным, 1
ужаснула, 1
ужасною, 1
ужасной, 1
ужасная, 1
ужасна, 1
ужасала, 1
уединении, 1
удостоверясь, 1
удостоверился, 1
удовольствиях, 1
удовлетворил, 1
удобными, 1
удобном, 1
удивить, 1
удивительным, 1
удивительной, 1
удивительное, 1
удивило, 1
удерживая, 1
удерживать, 1
удержаться, 1
удержания, 1
удержал, 1
удачно, 1
ударя, 1
удариться, 1
ударить, 1
удалому, 1
удалить, 1
удалились, 1
удаления, 1
удаление, 1
удалая, 1
удалась, 1
угрюмо, 1
угрозою, 1
угрожая, 1
угощать, 1
угомоню, 1
уголок, 1
угол, 1
угодник, 1
уговаривал, 1
углей, 1
углам, 1
угадать, 1
увидит, 1
увиделись, 1
увидаться, 1
увидали, 1
увещевал, 1
увещания, 1
увещанием, 1
увечья, 1
уверять, 1
уверяет, 1
уверены, 1
уверенность, 1
увенчалось, 1
увеличилось, 1
уведу, 1
уведомлять, 1
уведомил, 1
уважения, 1
уважении, 1
уважал, 1
убраться, 1
убранную, 1
уборную, 1
убитый, 1
убито, 1
убил, 1
убийцами, 1
убийца, 1
убийством, 1
убийства, 1
убиение, 1
убережешься, 1
убежище, 1
убеждению, 1
убеждена, 1
убежден, 1
убежавший, 1
убедить, 1
убедительным, 1
убедительною, 1
убаюканный, 1
тяжким, 1
тяготеющие, 1
тягостнее, 1
тюрьме, 1
тюремный, 1
тьфу, 1
тыкаться, 1
тыканием, 1
ты-то, 1
тщусь, 1
тщетно, 1
тщедушный, 1
тучи, 1
турецкою, 1
турецкие, 1
тупыми, 1
тулупы, 1
тужи, 1
тугой, 1
туалетом, 1
тряпички, 1
трусиха, 1
трусил, 1
трудновато, 1
труд, 1
трубкой, 1
трубки, 1
тронут, 1
тронусь, 1
тронулся, 1
тронули, 1
тронет, 1
тройка, 1
трое, 1
трогательным, 1
трогательное, 1
трижды, 1
трех, 1
треугольных, 1
третью, 1
третье, 1
третий-то, 1
третий, 1
трепетать, 1
трезвое, 1
тредьяковского, 1
тревожными, 1
тревожила, 1
требуют, 1
требую, 1
требуй, 1
требуешь, 1
требовать, 1
требования, 1
требовала, 1
траубенбергом, 1
траубенберга, 1
трактира, 1
тощую, 1
тощая, 1
тощ, 1
точнее, 1
тоска, 1
торчало, 1
торчали, 1
торопливой, 1
торопишься, 1
торопить, 1
торжествовать, 1
торжествовало, 1
торжественную, 1
торжественно, 1
торжестве, 1
торговаться, 1
топот, 1
топанием, 1
тонкость, 1
тонкого, 1
тонким, 1
толчки, 1
толстого, 1
толстая, 1
толпящийся, 1
толпою, 1
толпился, 1
толпа, 1
толковать, 1
толкнул, 1
толки, 1
толкаясь, 1
толкая, 1
тогдашним, 1
тогдашнего, 1
товарищей-изменников, 1
тишина, 1
тихой, 1
тихими, 1
тихим, 1
тихий, 1
тихая, 1
тимофеичем, 1
тетушка, 1
тесны, 1
тесную, 1
тесно, 1
теснились, 1
тесна, 1
терять, 1
терялся, 1
терял, 1
терпеливее, 1
терзал, 1
теплой, 1
теплилась, 1
тени, 1
темнота, 1
темном, 1
темной, 1
темное, 1
темная, 1
телогрейке, 1
тело, 1
тележку, 1
тележках, 1
тележка, 1
телами, 1
твоими, 1
твоею, 1
твоем, 1
твоего, 1
твердости, 1
твердой, 1
таю, 1
тафтяное, 1
татищевой, 1
татарском, 1
татарской, 1
татарских, 1
татарские, 1
татарину, 1
татарина, 1
тарелку, 1
тарас, 1
тамошних, 1
тамошнего, 1
таможни, 1
таможенный, 1
тактикою, 1
тактики, 1
тактика, 1
такою, 1
такому, 1
таковым, 1
таковы, 1
таковому, 1
таковое, 1
такова, 1
так-то, 1
тайны, 1
тайну, 1
таинственный, 1
таинственно, 1
таинства, 1
таилась, 1
тавно, 1
табачного, 1
т, 1
сядем-ка, 1
сыщутся, 1
сытых, 1
сыт, 1
сыну, 1
сыне, 1
сымите-ка, 1
сызнова, 1
сыграть, 1
съехались, 1
съест, 1
съезжались, 1
сшибли, 1
считая, 1
считался, 1
считал, 1
счастливое, 1
счастлива, 1
счастлив, 1
счастии, 1
сцеплению, 1
сходство, 1
сходить, 1
схвачен, 1
схватили, 1
схватив, 1
существование, 1
существенность, 1
сушенья, 1
сухо, 1
сухие, 1
суть, 1
суткам, 1
суровая, 1
супругу, 1
супругою, 1
супротивника, 1
супротивляться, 1
супостатами, 1
сунутся, 1
сумраке, 1
суммы, 1
сумерки, 1
суконные, 1
сукна, 1
суженую, 1
суеверию, 1
судья, 1
судью, 1
судьбы, 1
судьбу, 1
судьбами, 1
суду, 1
судопроизводства, 1
судна, 1
судия, 1
судей, 1
суд, 1
стянуты, 1
стыд, 1
ступить, 1
ступени, 1
ступали, 1
стулья, 1
стряхнув, 1
стряслась, 1
струю, 1
струсил, 1
стройный, 1
стройные, 1
строились, 1
строем, 1
строгому, 1
строгого, 1
строгим, 1
строгая, 1
стремянному, 1
стреляйте, 1
стреляй, 1
стрелы, 1
стрел, 1
страшными, 1
страшным, 1
страшнее, 1
страшная, 1
страшна, 1
страхом, 1
стратегическим, 1
страсть, 1
странных, 1
странным, 1
странные, 1
странны, 1
странное, 1
странно, 1
страниц, 1
страдания, 1
страдало, 1
стоящего, 1
стояла, 1
стоявшую, 1
стоявшей, 1
стою, 1
сторонушка, 1
сторонке, 1
сторон, 1
сторож, 1
стольких, 1
столы, 1
столе, 1
столбика, 1
столбами, 1
стойте, 1
стоишь, 1
стоите, 1
стоил, 1
стишков, 1
стишки, 1
стихотворца, 1
стихотворство, 1
стихотворец, 1
стихов, 1
стихи, 1
стих, 1
стиснул, 1
стиснув, 1
стечению, 1
стерпится, 1
степени, 1
степей, 1
степан, 1
стену, 1
стенах, 1
стенами, 1
стена, 1
статный, 1
стаскивали, 1
старых, 1
стары, 1
старуху, 1
старостию, 1
старости, 1
старому, 1
старичком, 1
старичка, 1
старинный, 1
старинному, 1
старику, 1
стариком, 1
стареньких, 1
старая, 1
стараюсь, 1
старались, 1
стань, 1
станцию, 1
станции, 1
станут, 1
станом, 1
становилось, 1
станешь, 1
станется, 1
станет, 1
станем, 1
стакану, 1
стаканами, 1
стакана, 1
ставца, 1
ставни, 1
ставили, 1
ссыльный, 1
ссору, 1
ссорою, 1
ссорился, 1
ссоре, 1
срок, 1
сродно, 1
среды, 1
средство, 1
средствах, 1
средств, 1
среднего, 1
среди, 1
срам, 1
сражении, 1
спутался, 1
спустя, 1
спустились, 1
спрятаться, 1
спрятана, 1
спроси-ка, 1
спроси, 1
спрашивать, 1
спрашивал, 1
спотыкался, 1
спор, 1
спокойному, 1
спокоен, 1
спознаваться, 1
сплеснув, 1
спины, 1
спешишь, 1
спешим, 1
спасло, 1
спасла, 1
спасения, 1
спас, 1
сошли, 1
сошлете, 1
сочувствие, 1
сочинители, 1
сочинил, 1
сочинений, 1
сочинении, 1
сохранил, 1
софию, 1
софестно, 1
состоит, 1
сослать, 1
сослался, 1
соскуча, 1
соседним, 1
сорочкою, 1
сорванцами, 1
сопровождении, 1
сопровождаемая, 1
соперника, 1
соорудить, 1
сообщников, 1
сообщил, 1
соображаю, 1
сомневаясь, 1
сомневалась, 1
солью, 1
соломой, 1
солить, 1
соленых, 1
солдатушек, 1
солдатских, 1
солдатам, 1
солгал, 1
сокрушили, 1
сокрушением, 1
соколов, 1
сокол, 1
сойти, 1
сойдем, 1
сожительницу, 1
сожительнице, 1
сожгли, 1
сожалеть, 1
сожаления, 1
сожалением, 1
сожаление, 1
сожалел, 1
соединялись, 1
соединиться, 1
соединили, 1
соединенный, 1
соединения, 1
соединение, 1
соединена, 1
содрогнулся, 1
содрать, 1
содержите, 1
содержание, 1
содействовать, 1
содействию, 1
соглашаюсь, 1
согласовалось, 1
согласись, 1
согласились, 1
согласилась, 1
согласие, 1
советом, 1
советовала, 1
советов, 1
совете, 1
советах, 1
советами, 1
совесть, 1
совестись, 1
совершенными, 1
совершенную, 1
совершенною, 1
совершенному, 1
совершенном, 1
совершенного, 1
собьешься, 1
собственные, 1
собственноручное, 1
собственному, 1
собственной, 1
соболья, 1
собой, 1
соблазняла, 1
собираются, 1
собираюсь, 1
собирать, 1
собирание, 1
собеседников, 1
собачка, 1
собака, 1
сняли, 1
сносною, 1
снову, 1
сновидение, 1
снисходительный, 1
снимая, 1
снежным, 1
снежной, 1
снегу, 1
снега, 1
снарядить-то, 1
снарядили, 1
смягчился, 1
смышленый, 1
смыслу, 1
смыслит, 1
смущенные, 1
смущения, 1
смущение, 1
смутясь, 1
смутны, 1
смутно, 1
смутило, 1
смутились, 1
смутили, 1
смуглым, 1
смотрят, 1
смотря, 1
смотров, 1
смотришь, 1
смотрителя, 1
смоль, 1
сможет, 1
смиренной, 1
смея, 1
смешно, 1
смешалось, 1
смеху, 1
смеха, 1
сметливости, 1
сметает, 1
смертные, 1
смелым, 1
смелее, 1
слюбится, 1
слышу, 1
слышали, 1
слышала, 1
слыхивал, 1
слыхать, 1
слушаюсь, 1
слушаю, 1
слушателя, 1
слушатель, 1
слушала, 1
слушайтесь, 1
слушайте, 1
слушайся, 1
случилась, 1
случившееся, 1
случайно, 1
случается, 1
слухи, 1
слухах, 1
служишь, 1
служит, 1
служивое, 1
служивого, 1
служи, 1
службою, 1
службой, 1
словесности, 1
слободе, 1
слобода, 1
сливались, 1
сливалась, 1
сливается, 1
слезая, 1
слезах, 1
слезать, 1
следы, 1
следующую, 1
следуемой, 1
следу, 1
следствие, 1
следственную, 1
следовало, 1
следовавшая, 1
след, 1
слегла, 1
слегка, 1
сладость, 1
сладостные, 1
сладостного, 1
сладкого, 1
сладко, 1
сладить, 1
слабость, 1
слабо, 1
слаб, 1
скушать, 1
скучной, 1
скучно, 1
скупись, 1
скуки, 1
скука, 1
скудной, 1
скрытую, 1
скрыпнула, 1
скрывая, 1
скрываться, 1
скрывала, 1
скрыв, 1
скромностию, 1
скривившаяся, 1
скорую, 1
скорости, 1
скором, 1
скорой, 1
скорое, 1
скорейшее, 1
скорбящих, 1
скользил, 1
скованного, 1
склонность, 1
склонности, 1
складывая, 1
складам, 1
скверная, 1
скачет, 1
скамейки, 1
скамейке, 1
сказывать, 1
сказывати, 1
сказывали, 1
сказывал, 1
сказнить, 1
сказку, 1
сказка, 1
скажешь, 1
сияли, 1
сию, 1
ситцевое, 1
сироты, 1
сиротою, 1
синюю, 1
симбирске, 1
симбирска, 1
сильный, 1
сильная, 1
силы, 1
силу, 1
силою, 1
силой, 1
силах, 1
силами, 1
сикурсу, 1
сикурса, 1
сие, 1
сидят, 1
сидит, 1
сидевшую, 1
сидевшая, 1
сибири, 1
сжалься, 1
сжалось, 1
сжал, 1
сестры, 1
серые, 1
серому, 1
сержусь-то, 1
сержанта, 1
серемонии, 1
середину, 1
середи, 1
серег, 1
серебра, 1
сердись, 1
сердечным, 1
сердечной, 1
сенях, 1
сеней, 1
сена, 1
семью, 1
семьи, 1
семьею, 1
сему, 1
семнадцатый, 1
семи, 1
семену, 1
семена, 1
семейству, 1
семейственных, 1
семейственным, 1
семейства, 1
сем-то, 1
сем, 1
село, 1
селениях, 1
селениям, 1
селе, 1
секунданты, 1
секундантом, 1
секунданта, 1
секрету, 1
секретный, 1
секретной, 1
секретаря, 1
седою, 1
седлу, 1
сегодняшнего, 1
сдержишь, 1
сдержать, 1
сдержала, 1
сделаться, 1
сделали, 1
сделайте, 1
сделаем, 1
сделав, 1
сдали, 1
сдается, 1
сгоревшего, 1
сгорбленный, 1
сгорбленного, 1
сгорблен, 1
сгинул, 1
священником, 1
святынею, 1
свят, 1
связь, 1
связи, 1
связан, 1
связали, 1
свычаи, 1
сворачивай, 1
свойствах, 1
своевольничать, 1
своевольная, 1
сводил, 1
свободный, 1
свободно, 1
свободна, 1
свистать, 1
свирепой, 1
свирепого, 1
свиреп, 1
свинья, 1
свинцовые, 1
свинопас, 1
свидеться, 1
свидетелей, 1
свидание, 1
свечкою, 1
свечами, 1
светлые, 1
светло-русыми, 1
светлице, 1
светился, 1
свести, 1
сверкнув, 1
сверкали, 1
свекру, 1
свежим, 1
сведущего, 1
сведения, 1
свалился, 1
свадьбу, 1
свадьбе, 1
свадебная, 1
сбруей, 1
сборное, 1
сборище, 1
сбегающего, 1
сатисфакцию, 1
сарафан, 1
сапоги, 1
санями, 1
самые, 1
самолюбия, 1
самолюбивый, 1
самой, 1
самозванцем, 1
самодовольствием, 1
самовольное, 1
самовластно, 1
самоваром, 1
самовар, 1
самим, 1
сама, 1
сальными, 1
сайдаками, 1
сажать, 1
садясь, 1
саду, 1
садовника, 1
садиться, 1
садилось, 1
савельев, 1
саблями, 1
саблю, 1
ряд, 1
рябому, 1
рябая, 1
рюмочке, 1
рыщут, 1
рыцарем, 1
рысью, 1
рысьим, 1
рысьи, 1
рыло, 1
рыжая, 1
рыдала, 1
рушились, 1
ручаюсь, 1
рухлядь, 1
русский, 1
русска, 1
румянцева, 1
румяное, 1
румяного, 1
румяная, 1
рукоять, 1
рукопись, 1
рукомойник, 1
рукам, 1
рукавицы, 1
рукавиц, 1
рукава, 1
ружьем, 1
ружье, 1
рудников, 1
рубашках, 1
рубахе, 1
рубах, 1
ротный, 1
ротмистр, 1
роте, 1
роста, 1
россию, 1
росла, 1
роптали, 1
ропот, 1
ромом, 1
романисты, 1
розыска, 1
рожами, 1
роду-племени, 1
родственников, 1
родом, 1
родных, 1
родными, 1
родному, 1
родного, 1
родни, 1
родителями, 1
родительскую, 1
родительском, 1
родительского, 1
родился, 1
родила, 1
рогожею, 1
ровён, 1
ровно, 1
ров, 1
роброном, 1
робкого, 1
рифмы, 1
решить, 1
решительный, 1
решительную, 1
решительной, 1
решительно, 1
решило, 1
решились, 1
решеткою, 1
решения, 1
речки, 1
речи, 1
реку, 1
рекрут, 1
реке, 1
река, 1
резаться, 1
резать, 1
резал, 1
реже, 1
редко, 1
ребячестве, 1
ребят, 1
рачитель, 1
ратином, 1
расходились, 1
расхаживал, 1
растрепанными, 1
растрепанную, 1
растерянную, 1
растерзанного, 1
растаскано, 1
рассыльщики, 1
рассуждая, 1
рассудил, 1
расстояние, 1
расстаться, 1
расстался, 1
расставаясь, 1
рассолу, 1
рассмотреть, 1
рассматривать, 1
расслыхал, 1
рассказывать, 1
рассказывала, 1
рассказывал, 1
рассказу, 1
рассказать, 1
расскажи-ка, 1
рассеясь, 1
рассеянных, 1
рассеянии, 1
рассеяние, 1
рассеялись, 1
рассеял, 1
рассердить, 1
рассердился, 1
рассветало, 1
рассади, 1
распятие, 1
распялив, 1
распутство, 1
распустил, 1
распространился, 1
распространению, 1
расправа, 1
распоряжению, 1
распоряжении, 1
распоряжаться, 1
распорядился, 1
распорядилась, 1
распорол, 1
распоров, 1
расположился, 1
расположен, 1
располагать, 1
распознать, 1
расплатился, 1
распечатывал, 1
распечатать, 1
распечатал, 1
распеваемая, 1
раскраденному, 1
раскольник, 1
раскаянию, 1
раскаянием, 1
раскаяние, 1
раскат, 1
раскается, 1
рапортовать, 1
раннюю, 1
раненько, 1
раненный, 1
рангу, 1
рана, 1
разъезжающие, 1
разъезжают, 1
разъезжали, 1
разъезжал, 1
разумению, 1
разумеешь, 1
разумеете, 1
разрыв, 1
разрешения, 1
разорил, 1
разоренные, 1
разорении, 1
разорвал, 1
разойдитесь, 1
разогнали, 1
разобрать, 1
разным, 1
разные, 1
разнесли, 1
разнеслась, 1
размышлял, 1
размышлениями, 1
размышлениям, 1
разматывала, 1
разлучить, 1
разлучила, 1
разлученный, 1
разлуки, 1
разлуке, 1
разломан, 1
различны, 1
различить, 1
разлились, 1
разладица, 1
разительно, 1
раздражая, 1
раздетую, 1
разделенной, 1
раздевался, 1
раздались, 1
раздавался, 1
раздаваемыми, 1
раздав, 1
разграбили, 1
разгоряченный, 1
разгоряченные, 1
разгоралась, 1
разговорились, 1
разговоре, 1
разговора, 1
развязали, 1
развяжись, 1
развлечение, 1
развлекало, 1
развивал, 1
развеселить, 1
развеселился, 1
разведать, 1
развевались, 1
разбудить, 1
разболтался, 1
разбойническую, 1
разбойнику, 1
разбойники, 1
разбой, 1
разбоем, 1
разбитии, 1
разбирать, 1
разбил, 1
разбери, 1
разбавленную, 1
раза, 1
рады, 1
радушно, 1
радушием, 1
радостной, 1
рада, 1
равнодушным, 1
равнодушный, 1
работой, 1
работник, 1
работали, 1
раба, 1
р, 1
пятый, 1
пятна, 1
пятилетнего, 1
пятидесяти, 1
пятак, 1
пядень, 1
пьяных, 1
пьяными, 1
пьяные, 1
пьяную, 1
пьянствующих, 1
пьяницу, 1
пьянице, 1
пьяницами, 1
пьяница, 1
пьющий, 1
пьешь, 1
пьет, 1
пьем, 1
пытки, 1
пытка, 1
пытать, 1
пырять, 1
пылу, 1
пушкин, 1
пушка, 1
путешествиях, 1
путешествия, 1
путем, 1
пустяками, 1
пустых, 1
пустыни, 1
пустыне, 1
пустым, 1
пустые, 1
пустою, 1
пусто, 1
пустите, 1
пустился, 1
пускаться, 1
пунктом, 1
пулями, 1
пугачевым-то, 1
пугачевщина, 1
пугачевскими, 1
пугачевские, 1
пугач, 1
пугало, 1
пугай, 1
пса, 1
прямодушный, 1
прямее, 1
прямая, 1
прытость, 1
прыгал, 1
прусский, 1
прусские, 1
пруссии, 1
прояснится, 1
прояснились, 1
прощение, 1
прощался, 1
прошлом, 1
прошлого, 1
прошедшему, 1
прошедшем, 1
прочнейшие, 1
прочитать, 1
прочесть, 1
прохорова, 1
прохоров, 1
проходя, 1
проходили, 1
проходила, 1
проучу, 1
проучить, 1
проучены, 1
протирая, 1
противоречить, 1
противными, 1
противные, 1
противном, 1
противно, 1
противная, 1
противиться, 1
противился, 1
противен, 1
протекцию, 1
просьбе, 1
просьба, 1
просыпалась, 1
простых, 1
простынут, 1
простым, 1
простые, 1
пространно, 1
простоты, 1
простонародная, 1
простонал, 1
простой, 1
простого, 1
простить, 1
простите, 1
простит, 1
простиралась, 1
простились, 1
простил, 1
прости, 1
простенке, 1
проснулась, 1
проснувшиеся, 1
просишь, 1
просите, 1
просидела, 1
проседь, 1
просвещения, 1
просверлит, 1
пророческое, 1
пропью, 1
пропьет, 1
пропустить, 1
проповедь, 1
пропадет, 1
промчи, 1
проложенному, 1
пролитой, 1
пролетело, 1
проколю, 1
проклятых, 1
проклятой, 1
проказы, 1
проказах, 1
проказ, 1
происшествиях, 1
происшествий, 1
происходят, 1
происходило, 1
произошло, 1
произошла, 1
произойти, 1
производя, 1
произвести, 1
произвела, 1
произвел, 1
произведения, 1
произведен, 1
проигрыше, 1
проигрыш, 1
прозябнуть, 1
прозяб, 1
прозванный, 1
проживете, 1
проживаем, 1
проехать, 1
проезжал, 1
проезду, 1
продолжении, 1
продолжение, 1
продолжала, 1
прогулку, 1
прогулки, 1
прогуливалась, 1
прогоню, 1
проговорился, 1
прогневался, 1
прогнать, 1
прогнал, 1
проворен, 1
провозгласил, 1
провозгласив, 1
провожу, 1
провожая, 1
провожаю, 1
провожать, 1
провинций, 1
провинции, 1
провинциальной, 1
провинилась, 1
провидение, 1
провели, 1
проведешь, 1
проведать, 1
прованского, 1
пробыть, 1
пробудилась, 1
пробудила, 1
пробормотал, 1
проболтался, 1
пробегал, 1
приятный, 1
приятные, 1
приятны, 1
приятному, 1
приятной, 1
приятное, 1
приятелями, 1
приятельские, 1
приятели, 1
приютить, 1
прищуриваясь, 1
прищуривая, 1
пришпорил, 1
пришпоривая, 1
пришло, 1
пришла, 1
пришед, 1
причину, 1
причиненное, 1
причесан, 1
причем, 1
прихожу, 1
приходом, 1
приходили, 1
приходи, 1
прихода, 1
прихлебывал, 1
приучился, 1
приуготовило, 1
притопывать, 1
притворяться, 1
притворного, 1
притворила, 1
притащили, 1
присяжные, 1
присягу, 1
присягнешь, 1
присяге, 1
присягать, 1
присягал, 1
присягай, 1
присутствия, 1
присутствие, 1
приступы, 1
приступом, 1
приступлю, 1
приступила, 1
приступе, 1
пристань, 1
пристал, 1
приставлен, 1
приставил, 1
присоветуй, 1
присоветовала, 1
приснился, 1
присмиревшая, 1
присматривать, 1
прислуге, 1
прислать, 1
прислал, 1
прискакав, 1
присвистнул, 1
природы, 1
природой, 1
природа, 1
припомнится, 1
припоминая, 1
приподымает, 1
приподнял, 1
приподняв, 1
приписывал, 1
приписала, 1
припадке, 1
принятием, 1
принят, 1
принялась, 1
приняв, 1
принуждены, 1
принужден, 1
принудила, 1
принося, 1
принимая, 1
принимали, 1
принимала, 1
принимал, 1
принести, 1
принадлежит, 1
принадлежащее, 1
примолвила, 1
примолвил, 1
примиренные, 1
приметя, 1
примется, 1
приметам, 1
примерная, 1
примеривать, 1
примера, 1
пример, 1
прильнул, 1
прильнув, 1
приличный, 1
прилежанием, 1
прилаживал, 1
прикрыто, 1
прикрытием, 1
прикрыл, 1
приказывают, 1
приказываю, 1
приказу, 1
приказать, 1
приказано, 1
приказания, 1
приказание, 1
приказав, 1
прикажи-ка, 1
приискав, 1
призрил, 1
признанных, 1
призналась, 1
признала, 1
признаки, 1
признак, 1
признайся, 1
признавших, 1
приехав, 1
приемы, 1
приемлется, 1
приеме, 1
приезжайте, 1
приезде, 1
приезда, 1
приезд, 1
придумывал, 1
придешь, 1
придет, 1
придворных, 1
придворная, 1
приданое, 1
приданого, 1
приданова, 1
придавала, 1
приготовляться, 1
приготовлялись, 1
приготовляла, 1
приготовления, 1
приготовлений, 1
приготовлен, 1
приготовился, 1
пригоршнями, 1
пригодится, 1
приговаривая, 1
приговаривал, 1
приглашенные, 1
приглашать, 1
приглашал, 1
пригласил, 1
привязан, 1
привязался, 1
привязались, 1
привыкли, 1
привыкла, 1
привык, 1
привстать, 1
привлекательности, 1
привлекало, 1
привлекали, 1
приветствовал, 1
привесть, 1
привезшего, 1
привезли, 1
привезет, 1
приведший, 1
приведшее, 1
приведи-ка, 1
приведет, 1
приведенный, 1
прибытии, 1
прибытием, 1
прибытие, 1
прибыла, 1
прибором, 1
приближился, 1
приближаясь, 1
приближающейся, 1
приближался, 1
приближались, 1
прибежала, 1
прибежал, 1
прибегнуть, 1
прибегнул, 1
прибавила, 1
прехрабрая, 1
претерпели, 1
претерпевающем, 1
преступном, 1
преступной, 1
преступного, 1
преступника, 1
преступник, 1
преступление, 1
престола, 1
преследуемый, 1
преследовал, 1
пресеченная, 1
прерывающимся, 1
прерывал, 1
прервать, 1
прерванное, 1
прерван, 1
препятствия, 1
препоручению, 1
пренебрежение, 1
пренебрег, 1
премьер-майором, 1
преминул, 1
прелесть, 1
прекращено, 1
прекращении, 1
прекращаются, 1
прекратили, 1
прекратила, 1
прекрасный, 1
прекрасному, 1
прекрасное, 1
прекрасного, 1
прекрасная, 1
преклонным, 1
презренного, 1
презрением, 1
прежнее, 1
преждевременно, 1
предчувствовала, 1
предчувствовал, 1
предчувствия, 1
предупреждаю, 1
предупредил, 1
предугадать, 1
предубеждены, 1
предубеждением, 1
предстоящие, 1
представляющие, 1
представлялся, 1
представлял, 1
представитесь, 1
представит, 1
представили, 1
предсказания, 1
предрассудкам, 1
предпринять, 1
предпринятые, 1
предпочтения, 1
предпочитать, 1
предпочитает, 1
предосторожности, 1
предостеречь, 1
предоставьте, 1
предо, 1
предлагать, 1
предлагал, 1
предлагаемой, 1
предисловия, 1
предводителя, 1
предводительствуя, 1
предводительствовал, 1
предводитель, 1
предвещавшую, 1
преданий, 1
предался, 1
предалась, 1
предав, 1
прегрешениях, 1
превосходительства, 1
превеликий, 1
пращур, 1
прачка, 1
праздника, 1
правящему, 1
правосудия, 1
правое, 1
правого, 1
правление, 1
правильные, 1
правильного, 1
правилах, 1
правил, 1
праведный, 1
правды, 1
правдою, 1
правдоподобия, 1
правдивый, 1
правая, 1
появления, 1
появлении, 1
появился, 1
пощажен, 1
пощаду, 1
пощадил, 1
пощаде, 1
пошутил, 1
пошлю, 1
пошло, 1
пошепту, 1
пошарю, 1
пошарили, 1
почувствовали, 1
почтовом, 1
почтет, 1
почтенный, 1
почтенные, 1
почтенного, 1
почище, 1
почитаю, 1
почитала, 1
почивал, 1
почивай, 1
почерку, 1
почаще, 1
поцелуемся, 1
поцеловаться, 1
поцеловать, 1
поцеловались, 1
поцеловала, 1
поцеловав, 1
поцарствовал, 1
похороненных, 1
похождения, 1
походные, 1
походил, 1
похода, 1
похвалял, 1
похваливать, 1
поужинаем, 1
поужинав, 1
потянул, 1
потянет, 1
потягаться, 1
потчевал, 1
потужит, 1
потрясений, 1
потрясение, 1
потрясало, 1
потрясал, 1
потрудитесь, 1
потребует, 1
потребовали, 1
поторопился, 1
потомство, 1
потомства, 1
потеснились, 1
потерянною, 1
потерял, 1
потекли, 1
потворство, 1
посылают, 1
посылай-ка, 1
посудою, 1
посудой, 1
посуда, 1
постыл, 1
поступки, 1
поступать, 1
пострадал, 1
пострадавшего, 1
постоялым, 1
постоялому, 1
посторонними, 1
посторонние, 1
постороннему, 1
постойте, 1
постой, 1
постоим, 1
постигнуть, 1
постигло, 1
постепенно, 1
постелю, 1
постарайся, 1
поставлены, 1
поставленного, 1
поставлен, 1
поставить, 1
поссорился, 1
поспорили, 1
поспешить, 1
посовестился, 1
посмотришь, 1
посмеялся, 1
посматривать, 1
посматривал, 1
послышался, 1
послушанием, 1
послушался, 1
послушайся, 1
послужило, 1
послужила, 1
послуживая, 1
послужи, 1
пословицу, 1
последствий, 1
последствии, 1
последовали, 1
последними, 1
последние, 1
последней, 1
посланы, 1
посланное, 1
послала, 1
поскупился, 1
поскорей, 1
поскорее, 1
посереди, 1
поселение, 1
поседели, 1
посвятила, 1
посажёный, 1
посаженым, 1
посадить, 1
посадил, 1
порядком, 1
порядке, 1
порыв, 1
поручику, 1
поручиком, 1
поручик, 1
поручив, 1
поручено, 1
поручениям, 1
поручений, 1
поручением, 1
поручая, 1
пору, 1
портной, 1
порошу, 1
поросят, 1
порога, 1
порог, 1
порастаскали, 1
поражены, 1
пораженный, 1
пораженная, 1
поравнялись, 1
пора, 1
попятились, 1
попробуем, 1
попробовать, 1
попробовал, 1
поправилось, 1
попотчуй, 1
попом, 1
попойка, 1
попируем, 1
попировали, 1
попечению, 1
поперек, 1
попался, 1
попадутся, 1
попадешься, 1
попадется, 1
попадетесь, 1
попадался, 1
попа, 1
понюхаешь, 1
понюхает, 1
понуря, 1
понравился, 1
понимая, 1
понимал, 1
понизив, 1
пониже, 1
понес, 1
понапрасну, 1
понадобится, 1
понадеялся, 1
помянутого, 1
помчались, 1
помутить, 1
помощию, 1
поморщился, 1
помня, 1
помню, 1
помнится, 1
помни, 1
помириться, 1
помиритесь, 1
помирим, 1
помирился, 1
поминутные, 1
поминаю, 1
поминали, 1
помилуйте, 1
помиловать, 1
помилования, 1
помилован, 1
помиловал, 1
помещики, 1
помещикам, 1
помешали, 1
помешала, 1
помешает, 1
помехи, 1
поместить, 1
помаленьку, 1
поля, 1
полюбопытствовав, 1
полюбишь, 1
полюбить, 1
пользуясь, 1
пользоваться, 1
полымя, 1
полчаса, 1
получу, 1
получили, 1
получив, 1
полученную, 1
полученное, 1
получает, 1
получаемый, 1
полузанесенные, 1
полудиких, 1
полуграмотным, 1
полтора, 1
полтиною, 1
полтина, 1
полтин, 1
полстаканчиком, 1
полою, 1
полотняных, 1
полотенце, 1
полосе, 1
положиться, 1
положить, 1
положительного, 1
положение, 1
полог, 1
половины, 1
половину, 1
половина, 1
полным, 1
полноты, 1
полном, 1
полное, 1
полного, 1
полковой, 1
полка, 1
полинялый, 1
полетели, 1
полетела, 1
полезную, 1
полезна, 1
полежаеву, 1
полежаева, 1
полверсте, 1
полатей, 1
полагали, 1
полагаешь, 1
покушать, 1
покушай-ка, 1
покупай, 1
покрякивая, 1
покрытых, 1
покрытым, 1
покрыты, 1
покрыто, 1
покровителя, 1
покровительства, 1
покровительнице, 1
покровитель, 1
покровителем, 1
покровителей, 1
покорная, 1
покоримся, 1
покоренных, 1
покойным, 1
покой, 1
покое, 1
поклоном, 1
поклониться, 1
поклонилась, 1
покинь, 1
покинуть, 1
покаяние, 1
покашливая, 1
покачался, 1
показывалась, 1
показывал, 1
показана, 1
показал, 1
покажусь, 1
покажу, 1
пойти, 1
поймете, 1
пойманный, 1
пойман, 1
пойдешь, 1
поимке, 1
позорной, 1
позови, 1
познакомиться, 1
позитуру, 1
позвольте, 1
позволишь, 1
позволил, 1
позвать, 1
позабыть, 1
позабыли, 1
позабудешь, 1
пожилой, 1
поживаешь, 1
поживаете, 1
пожелтевших, 1
поже, 1
пожар, 1
пожалуйста, 1
пожалованный, 1
пожалованному, 1
пожалована, 1
пожаловалась, 1
пожалей, 1
поехали, 1
поеду, 1
поединки, 1
поедем, 1
подымите, 1
подымался, 1
подымалась, 1
подымается, 1
подъехали, 1
подъехала, 1
подъезжая, 1
подцепил, 1
подхожу, 1
подходя, 1
подходит, 1
подхватил, 1
подумаю, 1
подумай, 1
подумает, 1
подумаем, 1
подсудимые, 1
подсудимого, 1
подслушать, 1
подскакали, 1
подскакав, 1
подсел, 1
подсадить, 1
подробности, 1
подрался, 1
подпустил, 1
подписанный, 1
подпирая, 1
подоспел, 1
подослан, 1
подойди-ка, 1
подозрительными, 1
подозрениях, 1
подозвала, 1
подозвав, 1
подождать, 1
подождав, 1
подобрать, 1
поднялся, 1
подняли, 1
подняла, 1
подносом, 1
поднести, 1
подневольный, 1
подмигивая, 1
подлых, 1
подлому, 1
подливал, 1
подкупательные, 1
подкупательно, 1
подивиться, 1
подействовали, 1
поддельная, 1
подданными, 1
подгуливать, 1
подвластные, 1
подвигаться, 1
подвигалась, 1
подвернулся, 1
подверженной, 1
подвергнуть, 1
подвергая, 1
подвергался, 1
подвергал, 1
подвезти, 1
подвезена, 1
подбочась, 1
подбирать, 1
подаются, 1
подарком, 1
подарки, 1
подари, 1
подаренный, 1
подано, 1
подана, 1
подальше, 1
подали, 1
подалее, 1
подале, 1
подала, 1
подайте, 1
подай, 1
подает, 1
подавшие, 1
подавалось, 1
подавало, 1
погуби, 1
погрузясь, 1
погруженный, 1
погружен, 1
погрозил, 1
погребцов, 1
погребение, 1
погосте, 1
погорелую, 1
погоняй, 1
погоды, 1
погода, 1
поговоркою, 1
поговорк, 1
поговаривая, 1
погнали, 1
погляжу, 1
поглядывая, 1
поглядеть, 1
поглядели, 1
погибшего, 1
погибели, 1
повторяли, 1
повторить, 1
поворотил, 1
поворачивая, 1
повозку, 1
повозка, 1
повод, 1
повис, 1
повиновения, 1
повиновению, 1
повиновении, 1
повиновение, 1
повиновался, 1
повиновались, 1
повинна, 1
повидаться, 1
повивальной, 1
повешу, 1
повешенных, 1
повесь, 1
повесу, 1
повесть, 1
повесничать, 1
поверь, 1
повернул, 1
поверило, 1
повеления, 1
повелела, 1
повелел, 1
поведет, 1
поведения, 1
поведении, 1
побывал, 1
побранились, 1
побранила, 1
побранил, 1
побоялся, 1
побольше, 1
побойся, 1
поближе, 1
побледнела, 1
побледнел, 1
поберегите, 1
побежала, 1
победу, 1
побед, 1
по-тамошнему, 1
по-солдатски, 1
по-придворному, 1
по-прежнему, 1
по-нонешнему, 1
по-немецки, 1
по-дорожному, 1
по-вашему, 1
плясать, 1
плутовства, 1
плутовское, 1
площадке, 1
плоха, 1
плоть, 1
плечу, 1
плечища, 1
плечи, 1
плеть, 1
плетей, 1
пленных, 1
пленили, 1
пленен, 1
плена, 1
плачем, 1
платья, 1
плату, 1
платежом, 1
пламенно, 1
плакать, 1
плакали, 1
плакала, 1
плакал, 1
плавание, 1
пищею, 1
пишите, 1
пишешь, 1
питье, 1
питаюсь, 1
питали, 1
письмецо, 1
письменные, 1
писем, 1
писанное, 1
писание, 1
писала, 1
пирушку, 1
пироги, 1
пирогами, 1
пировал, 1
пир, 1
пил, 1
пиитическим, 1
пивом, 1
пешком, 1
печью, 1
печь, 1
печи, 1
печей, 1
печалься, 1
печальными, 1
печальным, 1
печальную, 1
печаль, 1
печали, 1
пехота, 1
петь, 1
петрушу, 1
петрушин, 1
петруши, 1
петруше, 1
петром, 1
петровича, 1
петре, 1
петлю, 1
петли, 1
петербурге, 1
петербурга, 1
петельку, 1
песни, 1
песенок, 1
песенками, 1
перуны, 1
пером, 1
перины, 1
перешептывались, 1
переулок, 1
перетащили, 1
перестрелки, 1
перестрелках, 1
перестреливаться, 1
перестала, 1
переспорю, 1
пересеченные, 1
перерытую, 1
перепутье, 1
перепугался, 1
перепугали, 1
перепугается, 1
переправиться, 1
переписав, 1
переодеваюсь, 1
переменять, 1
переменился, 1
переменили, 1
переменилась, 1
перемене, 1
переломаны, 1
переловят, 1
перекрестка, 1
перекрестился, 1
перекрестил, 1
перекрестившись, 1
перекладинку, 1
перекинул, 1
перейти, 1
переждать, 1
передовой, 1
передался, 1
передавать, 1
перегрызутся, 1
перегородку, 1
перегородкою, 1
переговорить, 1
перевязи, 1
переводах, 1
перевешаны, 1
перевести, 1
перевес, 1
перевертывая, 1
перевели, 1
переведываться, 1
переведении, 1
переваливаясь, 1
перебраться, 1
перебрались, 1
перебита, 1
перебила, 1
перебежчиков, 1
первых, 1
первосония, 1
первому, 1
перво, 1
первая, 1
пеплом, 1
пепел, 1
пеняла, 1
пенковую, 1
пенки, 1
пением, 1
пеленою, 1
пашпорт, 1
паче, 1
пахнуло, 1
паспортом, 1
паспортов, 1
пару, 1
партию, 1
пароля, 1
парится, 1
парикмахером, 1
парапете, 1
парамонов, 1
папенька, 1
память, 1
памятника, 1
памятник, 1
памфиловне, 1
пальцем, 1
палую, 1
палить, 1
палим, 1
палаше, 1
палачи, 1
палача, 1
пакете, 1
пакета, 1
пазушкой, 1
пазухой-то, 1
пазухой, 1
падалью, 1
ошибиться, 1
ошибался, 1
ошельмованного, 1
очутиться, 1
очнувшись, 1
очнется, 1
очищена, 1
очи, 1
очевидно, 1
очакова, 1
оценить, 1
охранять, 1
охоту, 1
охотой, 1
охотно, 1
охотница, 1
охотник, 1
охоте, 1
охали, 1
охает, 1
ох, 1
офицерском, 1
офицерской, 1
офицерский, 1
офицерские, 1
офицерами, 1
отягощала, 1
отыскала, 1
отъехал, 1
отъезде, 1
отчество, 1
отчаянием, 1
отчаяние, 1
отцы, 1
отходила, 1
отхлынули, 1
оттуда, 1
оттоле, 1
отсутствия, 1
отсутствии, 1
отсутствие, 1
отступиться, 1
отстану, 1
отстаивая, 1
отставшего, 1
отставку, 1
отставай, 1
отсрочить, 1
отскочил, 1
отряхиваясь, 1
отряды, 1
отрядов, 1
отрывала, 1
отросточек, 1
отрицание, 1
отрезывал, 1
отрезать, 1
отрезаны, 1
отрезана, 1
отрастил, 1
отражению, 1
отражать, 1
отравляло, 1
отпущу, 1
отпустишь, 1
отпустили, 1
отпустила, 1
отпуску, 1
отпуск, 1
отправьте, 1
отправь, 1
отправляют, 1
отправляйся, 1
отпор, 1
отошел, 1
отобедал, 1
отняв, 1
относящимся, 1
отнесла, 1
отнеси, 1
отнесено, 1
отменно, 1
отлучился, 1
отложив, 1
отличало, 1
открыться, 1
открыть, 1
открытом, 1
открытое, 1
открыли, 1
открылась, 1
откровенно, 1
отколе, 1
откланялся, 1
откачался, 1
отказаться, 1
отказался, 1
откажусь, 1
откажите, 1
откажи, 1
отзывался, 1
отечеству, 1
отечество, 1
отечестве, 1
отдыхает, 1
отдохни, 1
отдернул, 1
отдельных, 1
отдельным, 1
отделились, 1
отделаешься, 1
отдать, 1
отдан, 1
отдаленную, 1
отдаленной, 1
отдай, 1
отговорок, 1
отговориться, 1
отговаривайся, 1
отвращение, 1
отворотясь, 1
отвлечь, 1
отвечали, 1
отвечай, 1
отвечает, 1
ответчика, 1
ответу, 1
отвернулся, 1
отвергнутой, 1
отвергла, 1
отвезти, 1
отвез, 1
отведите, 1
отведет, 1
отведенную, 1
отведал, 1
отважнее, 1
отблагодарить, 1
отбирали, 1
отбежали, 1
осьмнадцати, 1
осьми, 1
осыпать, 1
осужден, 1
остригся, 1
острастку, 1
осторожность, 1
осторожности, 1
остолбенелый, 1
остолбенел, 1
остер, 1
остаюсь, 1
остаться, 1
остаток, 1
остановлены, 1
остановившими, 1
останешься, 1
остальное, 1
осталась, 1
остается, 1
оставя, 1
оставлять, 1
оставлю, 1
оставленный, 1
оставленной, 1
оставим, 1
оставался, 1
оставалось, 1
оспоривал, 1
особым, 1
особо, 1
особенным, 1
особенно, 1
основательными, 1
основано, 1
основана, 1
осмотреть, 1
осмотрел, 1
осматривать, 1
осматривал, 1
ослушниками, 1
ослушникам, 1
ослушании, 1
ослушанием, 1
ослепительной, 1
ослабевает, 1
оскорбленного, 1
оскорблен, 1
оскорбили, 1
осеняющих, 1
осенью, 1
осеннюю, 1
осеннего, 1
освобождения, 1
освобождение, 1
освобожден, 1
освободиться, 1
освободил, 1
освещенному, 1
освещая, 1
освещало, 1
освещала, 1
осаждал, 1
осаду, 1
осадила, 1
оружие, 1
орошая, 1
орехи, 1
оренбургского, 1
оренбургская, 1
оренбургом, 1
орденов, 1
оргия, 1
опыты, 1
опущенными, 1
опустясь, 1
опустошенную, 1
опустелым, 1
опрятной, 1
опрометчивость, 1
опрометчивой, 1
опровергнуть, 1
оправился, 1
оправдания, 1
оправдался, 1
оправдаешься, 1
опохмелиться, 1
опор, 1
опомнилась, 1
описать, 1
описанным, 1
описанию, 1
описала, 1
описав, 1
опередил, 1
опеки, 1
опасными, 1
опасную, 1
опасностям, 1
опасность, 1
опасностей, 1
опасное, 1
опасного, 1
опасение, 1
опасался, 1
оных, 1
оный, 1
оную, 1
оного, 1
оная, 1
омрачилось, 1
омерзением, 1
окт, 1
окружила, 1
окруженной, 1
окружена, 1
окроме, 1
окровавленной, 1
окровавленная, 1
окривела, 1
окошком, 1
окошко, 1
окошечком, 1
окончание, 1
окон, 1
околотке, 1
окно, 1
окликали, 1
оклеены, 1
окаянный, 1
оказывали, 1
оказия, 1
оказию, 1
оказать, 1
оказанную, 1
оказанной, 1
оказала, 1
оказал, 1
окажется, 1
озлобленный, 1
озеро, 1
ожидающих, 1
ожидающей, 1
ожидании, 1
ожидание, 1
ожидает, 1
ожидавшая, 1
одушевленным, 1
одурел, 1
одумаюсь, 1
одолеть, 1
одолевать, 1
одобряет, 1
однообразных, 1
одному, 1
одних, 1
одними, 1
одни, 1
одиночество, 1
одинокой, 1
одиноким, 1
одеяло, 1
одета, 1
оделась, 1
одеваться, 1
одарена, 1
огурцах, 1
огуречного, 1
ограблен, 1
огорчило, 1
огорчилась, 1
огорчения, 1
огоньку, 1
оголелому, 1
ого, 1
огненными, 1
огненные, 1
огнем, 1
огней, 1
оглянулась, 1
оглянувшись, 1
оглядывался, 1
оглушенная, 1
овчинку, 1
оврагу, 1
оврагами, 1
оврагам, 1
овладели, 1
овладевшего, 1
обязанность, 1
обязан, 1
обычаях, 1
обычая, 1
обычаи, 1
обыкновенным, 1
обыгравшего, 1
объяснять, 1
объяснялся, 1
объясниться, 1
объяснили, 1
объяснила, 1
объяснил, 1
объяснением, 1
объяснение, 1
объявлен, 1
объявив, 1
объяви, 1
объехать, 1
общества, 1
общего, 1
обшитый, 1
обширную, 1
обширного, 1
обширная, 1
обходиться, 1
обходится, 1
обходились, 1
обухом, 1
обух, 1
обстрижены, 1
обстриженного, 1
обстоятельство, 1
обрызганном, 1
обрушаясь, 1
обрубок, 1
обробелый, 1
обритыми, 1
обреченными, 1
обращении, 1
обращая, 1
обращаюсь, 1
обращался, 1
обратно, 1
обратится, 1
обратилось, 1
обратилась, 1
образованное, 1
образами, 1
обрадовало, 1
обрадовала, 1
обрадовавшись, 1
обоюдное, 1
обошлось, 1
обошлась, 1
обошел, 1
оборотом, 1
оборотиться, 1
оборотилась, 1
оборонительным, 1
оборванный, 1
оборванном, 1
обольстившего, 1
обойдемся, 1
обоим, 1
обозы, 1
ободрял, 1
ободряемо, 1
ободрить, 1
ободрило, 1
обогрейся, 1
обобрать, 1
обобрали, 1
обняла, 1
обнял, 1
обняв, 1
обносили, 1
обновляемые, 1
обнаруживали, 1
обнаженные, 1
обнаженной, 1
обмолвился, 1
обмер, 1
обманщиком, 1
обманута, 1
обманула, 1
облучка, 1
облокотясь, 1
обличения, 1
обличали, 1
облизываясь, 1
обливая, 1
облеченный, 1
облегала, 1
обласкать, 1
обласкав, 1
обладателями, 1
обитаема, 1
обиняков, 1
обижают, 1
обижает, 1
обиду, 1
обидит, 1
обидел, 1
обещаясь, 1
обещаюсь, 1
обещаться, 1
обещать, 1
обещался, 1
обещал, 1
обеими, 1
обезображенными, 1
обедни, 1
обедал, 1
обеда, 1
обдумывал, 1
обдумать, 1
обдуманную, 1
обвинителя, 1
обвинен, 1
обвенчать, 1
обвенчаемся, 1
нянчиться, 1
нынешнем, 1
нынешнее, 1
нынешнего, 1
нужных, 1
нужное, 1
нужды, 1
нуждаться, 1
нужда, 1
нравоучительными, 1
нравов, 1
нравлюсь, 1
нравитесь, 1
нравились, 1
нощи, 1
ночные, 1
ночном, 1
ночлега, 1
носить, 1
носа, 1
нос, 1
ноздрей, 1
ножом, 1
ножницами, 1
нож, 1
ногою, 1
ногами, 1
новый, 1
новости, 1
новое, 1
новобраных, 1
ничем, 1
ниспровержение, 1
никуда, 1
никого, 1
никакой, 1
низким, 1
низки, 1
неясных, 1
неясные, 1
неявившегося, 1
нечто, 1
нечестен, 1
нехристей, 1
нехорошо, 1
нехороша, 1
неутомимый, 1
неуместным, 1
неуместное, 1
неумению, 1
неудаче, 1
нету, 1
нетерпеливое, 1
несчастный, 1
несчастную, 1
несчастная, 1
несчастия, 1
несчастию, 1
несчастием, 1
несчастие, 1
несть, 1
нестерпима, 1
несправедливым, 1
несправедливость, 1
неспокойными, 1
неспокойной, 1
несомненные, 1
несомненную, 1
несносно, 1
несносная, 1
несносна, 1
неслась, 1
нескладное, 1
неси, 1
несет, 1
несдобровать, 1
несведущих, 1
нередко, 1
неразрывно, 1
неразлучна, 1
непроходимы, 1
непростительным, 1
непростительную, 1
неприятность, 1
неприятного, 1
неприятелю, 1
неприятельские, 1
неприязнь, 1
неприязненное, 1
непритворной, 1
непристойным, 1
непристойной, 1
неприметным, 1
неприличные, 1
неприлично, 1
непривычка, 1
непрестанного, 1
непрестанно, 1
непреодолимое, 1
непозволительной, 1
неподвижно, 1
неохотно, 1
неосторожности, 1
неосторожно, 1
неосновательная, 1
неопытных, 1
неопытность, 1
неописанному, 1
неописанной, 1
неописанного, 1
неожиданный, 1
неожиданные, 1
неожиданно, 1
необыкновенной, 1
необыкновенное, 1
необыкновенная, 1
необходимости, 1
необразованный, 1
необозримой, 1
ненадежности, 1
ненадежно, 1
ненадежна, 1
немилосердно, 1
немецкий, 1
немецкая, 1
немая, 1
немаловажен, 1
некстати, 1
некрасивым, 1
некоторою, 1
некоторого, 1
неизъяснимым, 1
неизъяснимую, 1
неизъяснимое, 1
неизменный, 1
неизвестной, 1
незнакомый, 1
незнакомая, 1
незачем, 1
незапным, 1
незаметным, 1
нежных, 1
нежностию, 1
нежной, 1
нежного, 1
нежно, 1
недругов, 1
недоумении, 1
недоумением, 1
недоумение, 1
недостойного, 1
недостоин, 1
недоросль, 1
недорослем, 1
недоразумении, 1
недозволенные, 1
недовольна, 1
недоволен, 1
неделя, 1
недаром, 1
недавних, 1
негулиной, 1
негодяй, 1
негодованием, 1
негодование, 1
негодовал, 1
невысокого, 1
невыгоду, 1
невыгодным, 1
невольным, 1
невольном, 1
невольное, 1
невольника, 1
неволе, 1
невинных, 1
невинным, 1
невинный, 1
невидимо, 1
невидальщина, 1
невзирая, 1
невесть, 1
невестою, 1
невежества, 1
неведомые, 1
неведомая, 1
неблагосклонностию, 1
неблагорасположение, 1
неблагоразумна, 1
небесный, 1
нашлись, 1
нашли, 1
нашла, 1
нашивал, 1
начнем, 1
начиная, 1
начинающий, 1
начинай, 1
начинаешь, 1
начинавшие, 1
начать, 1
начальством, 1
начальство, 1
начальником, 1
начальникам, 1
начался, 1
началось, 1
начале, 1
начала, 1
нахожусь, 1
находя, 1
находишь, 1
находил, 1
находившейся, 1
научишься, 1
научится, 1
научил, 1
наумыч, 1
наукам, 1
наук, 1
наткнулся, 1
наткнулись, 1
натерпелась, 1
насунутся, 1
наступать, 1
наступательных, 1
наступательные, 1
настоящую, 1
настоящих, 1
настоящей, 1
настойки, 1
настойке, 1
настежь, 1
настасья, 1
настала, 1
настаивал, 1
наставлений, 1
наставил, 1
насмотрелся, 1
насмотрелись, 1
насмешник, 1
насмешливо, 1
насмешки, 1
насмешка, 1
насквозь, 1
насильственных, 1
насильственно, 1
насвистывать, 1
насвистывал, 1
нарядиться, 1
наружность, 1
наружности, 1
нарочно, 1
народов, 1
нареченной, 1
напялишь, 1
напяливая, 1
напуганный, 1
напугал, 1
напротив, 1
напроказил, 1
например, 1
напрашивайся, 1
напоминающее, 1
напоминают, 1
напоминал, 1
наполняла, 1
наполнявший, 1
наполнилась, 1
напиши, 1
напиться, 1
написано, 1
написан, 1
наперсников, 1
наперекор, 1
напасть, 1
нападению, 1
нанял, 1
нанизывал, 1
нанес, 1
наместо, 1
намерены, 1
намерения, 1
намерением, 1
намеком, 1
наложит, 1
налил, 1
накушался, 1
накрытым, 1
накрытый, 1
накрыли, 1
накрывали, 1
накричаться, 1
накормлен, 1
накопи, 1
наклонясь, 1
наклонилась, 1
наказывали, 1
наказывала, 1
наказывает, 1
наказать, 1
наказанных, 1
наказаниями, 1
наказан, 1
накажи, 1
найти, 1
найдет, 1
найдем, 1
наизусть, 1
называя, 1
называл, 1
назову, 1
назначить, 1
назначил, 1
назначенное, 1
назначенного, 1
назначен, 1
назвался, 1
наехал, 1
наездничество, 1
наездничестве, 1
наездников, 1
наездники, 1
наездниками, 1
надумается, 1
надпись, 1
надлежало, 1
надзора, 1
надеясь, 1
надетой, 1
надень, 1
надежным, 1
надежную, 1
надежно, 1
надежда, 1
надеешься, 1
надгробного, 1
надвое, 1
надвинута, 1
нагулявшись, 1
нагрузился, 1
награди, 1
наградами, 1
нагорной, 1
наголо, 1
наговору, 1
наговором, 1
наговориться, 1
наглухо, 1
навести, 1
навек, 1
набивать, 1
набежали, 1
мятежниками, 1
мятежная, 1
мя, 1
мышлю, 1
мысу, 1
мыслей, 1
мы-то, 1
мучительно, 1
мучилась, 1
мученической, 1
мутного, 1
мундиры, 1
мундира, 1
мужчины, 1
мужчину, 1
мужу, 1
мужики, 1
мужиками, 1
мудрое, 1
мудренее, 1
мрет, 1
мрачные, 1
мрак, 1
мошеннику, 1
мошенников, 1
мошенника, 1
мошен, 1
мочальный, 1
мотать, 1
мосье, 1
мостика, 1
москвою, 1
морю, 1
морская, 1
морозная, 1
морем, 1
мор, 1
молят, 1
моля, 1
молчишь, 1
молчать, 1
молчалив, 1
молчала, 1
молотец, 1
молокосос, 1
молоды, 1
молодцы, 1
молодецкому, 1
молодецкая, 1
молитвы, 1
молитва, 1
молись, 1
молился, 1
молили, 1
молила, 1
молений, 1
молвы, 1
молвить, 1
молва, 1
можешь, 1
можете, 1
могло, 1
могилу, 1
могилами, 1
многом, 1
многое, 1
многими, 1
многие, 1
мнимому, 1
мнимое, 1
мнениям, 1
мнению, 1
младших, 1
младенчестве, 1
михельсоном, 1
миткалевый, 1
мирская, 1
мироновой, 1
мировую, 1
минутою, 1
минуло, 1
минихе, 1
мин, 1
милый, 1
милую, 1
милостями, 1
милостивое, 1
милосердия, 1
милосердию, 1
миловали, 1
мило, 1
миленькие, 1
мигая, 1
мешок, 1
мешался, 1
мешала, 1
мешай, 1
мечтаниям, 1
метелях, 1
метель, 1
метели, 1
метать, 1
метал, 1
месяцев, 1
месяцам, 1
местного, 1
местечко, 1
местах, 1
мертвыми, 1
мертвый, 1
мертво, 1
мертвечиной, 1
мертва, 1
мерзавец, 1
меньшею, 1
ментора, 1
мельница, 1
мелочной, 1
мелкий, 1
междуусобием, 1
меж, 1
медом, 1
медовое, 1
медными, 1
медленно, 1
мгновение, 1
мгла, 1
машей-то, 1
маше, 1
махать, 1
махал, 1
матушкою, 1
матушкиной, 1
матушке-то, 1
матушка-то, 1
мати, 1
мастера, 1
масла, 1
марья-то, 1
марш, 1
маркером, 1
маркера, 1
маркер, 1
мальчишку, 1
мальчишками, 1
мальчишка, 1
мальчику, 1
мальчиком, 1
мальчик, 1
малых, 1
малочисленным, 1
малой, 1
малодушии, 1
малодушием, 1
малого, 1
маленькой, 1
маленького, 1
маленько, 1
маленькая, 1
малейшие, 1
максимыча, 1
майстерица, 1
майору, 1
майора, 1
майор, 1
магазине, 1
лямку, 1
лютые, 1
лютую, 1
людях, 1
людского, 1
любопытству, 1
любопытствовал, 1
любопытства, 1
любопытной, 1
любовные, 1
любовну, 1
любовной, 1
любовник, 1
любовная, 1
любовию, 1
люблю, 1
любишь, 1
любить, 1
любит, 1
любила, 1
любезный, 1
лучшую, 1
лучшие, 1
лучшее, 1
лучина, 1
луны, 1
лукавых, 1
лукавый, 1
лукавствую, 1
лук, 1
лужах, 1
лубочными, 1
лубочные, 1
лопатками, 1
ломтем, 1
ломайся, 1
локоть, 1
ложны, 1
ложку, 1
логика, 1
ловкий, 1
лобном, 1
лишнее, 1
лишнего, 1
лишить, 1
лихой, 1
лих, 1
литературою, 1
литературе, 1
лисья, 1
лисью, 1
листы, 1
листами, 1
лип, 1
лизаветой, 1
летела, 1
летел, 1
летам, 1
летали, 1
летал, 1
лесу, 1
лесничий, 1
лесам, 1
ленты, 1
ленте, 1
лениво, 1
лекаря, 1
лезешь, 1
лежали, 1
лежала, 1
легкомыслие, 1
легковерия, 1
легкий, 1
легкая, 1
левый, 1
левая, 1
лев, 1
лебеди, 1
лафеты, 1
ласковых, 1
ласковым, 1
лампадка, 1
лазутчики, 1
лазить, 1
лазарет, 1
лагерь, 1
лавку, 1
лавки, 1
лавкам, 1
кушать-то, 1
кушать, 1
кушанье, 1
кушала, 1
кушаками, 1
кучку, 1
кучки, 1
кучке, 1
кустов, 1
куря, 1
курочкин, 1
куриц, 1
куплетцы, 1
кумушку-то, 1
кумушка-попадья, 1
кумушка, 1
кумою, 1
кумом, 1
куме, 1
кулаком, 1
кулак, 1
кузову, 1
кузова, 1
кузов, 1
кузнеца, 1
кузмичом, 1
кувшин, 1
кто-то, 1
крякнул, 1
крыш, 1
крытую, 1
крытая, 1
крыса, 1
крыльями, 1
крыльцом, 1
крылом, 1
крутому, 1
крутом, 1
крутой, 1
крупной, 1
крупно, 1
кружения, 1
круглолицая, 1
кроткого, 1
кровопийца, 1
кровожадных, 1
кровлю, 1
кровию, 1
кровавых, 1
кричали, 1
кричала, 1
кривым, 1
кривы, 1
кривой, 1
кривая, 1
крещеный, 1
крестьянском, 1
крестьянское, 1
крестьянскими, 1
крестьян, 1
крестом, 1
крестной, 1
крестная, 1
крестился, 1
крестились, 1
крестили, 1
креста, 1
креслах, 1
кресел, 1
крепостях, 1
крепостями, 1
крепостям, 1
крепостных, 1
крепкой, 1
крепко-накрепко, 1
красовались, 1
красными, 1
красный, 1
красную, 1
красноречивее, 1
красной, 1
красноватые, 1
красивый, 1
красен, 1
красавицу, 1
крайняя, 1
кошелек, 1
кофей, 1
кота, 1
косы, 1
косточку, 1
костливый, 1
коснулся, 1
коснулись, 1
косматую, 1
косвенных, 1
косами, 1
корытом, 1
корысти, 1
коротко, 1
короткий, 1
коротка, 1
король, 1
коровница, 1
корова, 1
кормить, 1
копьями, 1
копье, 1
копейкою, 1
копали, 1
кончена, 1
конурке, 1
контракту, 1
конский, 1
конские, 1
конопли, 1
конные, 1
конница, 1
конец, 1
коне, 1
конвой, 1
комнатку, 1
комнатам, 1
комнат, 1
коммуникация, 1
коммуникации, 1
комиссия, 1
комиссии, 1
комиссией, 1
комендантскую, 1
комендантском, 1
комендантским, 1
комедии, 1
командует, 1
команду, 1
командовать, 1
командир, 1
команде, 1
колчанам, 1
колпаке, 1
колокольней, 1
колодников, 1
колодке, 1
колкие, 1
колебался, 1
колебалась, 1
кой, 1
коих, 1
кожу, 1
коему, 1
кое-что, 1
коварство, 1
кобеля, 1
кобели, 1
князья, 1
княгинюшки, 1
кнутом, 1
книгу, 1
книга, 1
книг, 1
клячу, 1
клячонка, 1
клячи, 1
кляча, 1
клялся, 1
ключом, 1
ключей, 1
ключа, 1
ключ, 1
клочки, 1
клонит, 1
клок, 1
кликала, 1
кленовую, 1
клевету, 1
клевете, 1
клевал, 1
кланяясь, 1
кланяюсь, 1
кланялся, 1
клали, 1
китайчатом, 1
кистями, 1
кистрина, 1
кистенем, 1
кирпич, 1
кирилыча, 1
киргизцы, 1
киргизском, 1
киргизский, 1
киргизские, 1
киргиз-кайсацких, 1
кипящим, 1
кипучие, 1
кинуться, 1
кинулся, 1
кинулась, 1
кинемся, 1
кий, 1
кием, 1
кивотом, 1
кивнула, 1
кивая, 1
кивал, 1
кибитке, 1
кем-то, 1
кельи, 1
квасу, 1
квартира, 1
каяться, 1
каялись, 1
качкою, 1
качался, 1
кафтан, 1
каторжника, 1
кастрюльку, 1
касается, 1
карты, 1
карточку, 1
картинки, 1
картина, 1
карта, 1
каролинку, 1
карманах, 1
карловича, 1
карлович, 1
карету, 1
карете, 1
караульный, 1
караульному, 1
караулы, 1
караулов, 1
каракульками, 1
капральском, 1
капралу, 1
капрала, 1
капнули, 1
капканах, 1
капитаншею, 1
капитанше, 1
капитанскую, 1
капитанскою, 1
капитанской, 1
капали, 1
каналью, 1
камушком, 1
камушки, 1
камрад, 1
камзолах, 1
каменщики, 1
каменная, 1
калмычка, 1
калмыцкая, 1
калмыка, 1
калмык, 1
калены, 1
календаря, 1
какой-то, 1
каковы, 1
каковой, 1
какова, 1
какие-то, 1
казня, 1
казнию, 1
казнишь, 1
казнен, 1
казенному, 1
казачки, 1
казацком, 1
казацкое, 1
казацкого, 1
казацкий, 1
казацкие, 1
казацкая, 1
казани, 1
казалося, 1
каждым, 1
каждое, 1
каждого, 1
кавалер, 1
кабацкая, 1
ищут, 1
исчезло, 1
исчезла, 1
исхожена, 1
истребляя, 1
исторических, 1
истории, 1
истопника, 1
истине, 1
испытывать, 1
испытания, 1
испужать, 1
испугу, 1
испуганная, 1
исправны, 1
исправился, 1
исполнять, 1
исполняешь, 1
исполнить, 1
исполнитель, 1
исполнил, 1
исполнено, 1
исполненная, 1
исполнение, 1
исполать, 1
исписанный, 1
искусстве, 1
искусным, 1
искуснее, 1
искренность, 1
искренностию, 1
искренним, 1
искренней, 1
искреннее, 1
искра, 1
исключительно, 1
искал, 1
иоанновны, 1
иные, 1
интересу, 1
иносказательный, 1
иного-прочего, 1
инвалида, 1
иначе, 1
императрицу, 1
императорским, 1
имея, 1
именному, 1
именно, 1
именины, 1
имена, 1
имеете, 1
имевшие, 1
изъяснять, 1
изъяснялась, 1
изъясняешься, 1
изъяснить, 1
изъясните, 1
изъяснил, 1
изъявляя, 1
изъявляли, 1
изъявили, 1
изъявил, 1
изъезжена, 1
изумления, 1
изумлению, 1
изумлении, 1
изумили, 1
изумилась, 1
изувеченный, 1
изрядны, 1
изрядно, 1
изобразилась, 1
изнурения, 1
изнемогая, 1
изменники, 1
изменника, 1
изменник, 1
изменить, 1
изменившимся, 1
изменения, 1
изложил, 1
излиянной, 1
излишней, 1
изливалась, 1
издыхания, 1
издеваясь, 1
издать, 1
издатель, 1
изготовлю, 1
изгладились, 1
изволь-ка, 1
изволила, 1
извинял, 1
извинит, 1
извинила, 1
извещаю, 1
изветами, 1
известное, 1
извергом, 1
избушек, 1
избежать, 1
избегнуть, 1
избегая, 1
избегать, 1
избах, 1
избавят, 1
избавляя, 1
избавлял, 1
избавляет, 1
избавления, 1
избавлению, 1
избавлении, 1
избавителем, 1
изба, 1
идущий, 1
иду, 1
играя, 1
играли, 1
играл, 1
играет, 1
игра, 1
иголкою, 1
ивановой, 1
ивановною, 1
иван-то, 1
зубах, 1
зря, 1
золотыми, 1
золотою, 1
знающим, 1
знают, 1
значительным, 1
значили, 1
значение, 1
знатная, 1
знаменитого, 1
знамение, 1
знали, 1
знакомый, 1
знакомство, 1
знакомстве, 1
знакомой, 1
знакомо, 1
знакома, 1
знаком, 1
знаками, 1
знай, 1
знавшая, 1
змей, 1
злоязычника, 1
злоречие, 1
злопамятен, 1
злодеям, 1
злодействовать, 1
злодействовали, 1
злодействие, 1
злодейскую, 1
злодейскому, 1
злодейски, 1
злодей-то, 1
злодее, 1
злод, 1
злого, 1
злобы, 1
злобу, 1
злобствовали, 1
злобных, 1
злобной, 1
зиму, 1
зимнему, 1
зима, 1
зеркальце, 1
земле, 1
зеленая, 1
зеваешь, 1
здравствуй, 1
здравствовать, 1
здравому, 1
здравой, 1
здраво, 1
здоровья, 1
здорово, 1
здоровие, 1
здешний, 1
здешние, 1
здешней, 1
здешнего, 1
звонить, 1
зверок, 1
звезды, 1
звездам, 1
звании, 1
защищать, 1
защищал, 1
защитником, 1
зачинщик, 1
зачесанными, 1
захрапела, 1
захочу, 1
захохотали, 1
захотела, 1
захотел, 1
захолустье, 1
захворала, 1
захвачена, 1
заучился, 1
заутра, 1
заупрямился, 1
заунывную, 1
затянем-ка, 1
затруднявшая, 1
затруднительных, 1
затрещали, 1
затрепещется, 1
заткнул, 1
заткни, 1
затеяли, 1
затейливых, 1
затейлива, 1
затверженную, 1
засыпал, 1
засуча, 1
засунуть, 1
заступления, 1
заступитесь, 1
заступился, 1
застращав, 1
застонет, 1
застонал, 1
застать, 1
застанут, 1
застану, 1
заставы, 1
заставить, 1
заставила, 1
заспорил, 1
заснуть, 1
засмеяться, 1
засмеялся, 1
заслышу, 1
заслуженного, 1
заслугам, 1
заслонить, 1
заселены, 1
засел, 1
засвистел, 1
заряжена, 1
зарядим, 1
зарядили, 1
зарыдав, 1
зарезали, 1
заре, 1
запьем, 1
запутать, 1
запутался, 1
запряжены, 1
запряженная, 1
запрягали, 1
запросто, 1
запрещены, 1
запрещено, 1
запрем, 1
запоздалых, 1
заплату, 1
заплатить, 1
заплаканная, 1
запиханный, 1
записывать, 1
записок, 1
записку, 1
запискам, 1
запирать, 1
запирайте, 1
запечатал, 1
запертым, 1
запел, 1
запасом, 1
запасов, 1
запальчивости, 1
запалить, 1
заняться, 1
занятый, 1
заняты, 1
занятие, 1
заняв, 1
заныло, 1
занимать, 1
занимателен, 1
занесены, 1
занесена, 1
занеможет, 1
занавес, 1
замялся, 1
замышленного, 1
замрет, 1
замотал, 1
замолчали, 1
замолчала, 1
замок, 1
замирало, 1
замешанного, 1
замешан, 1
замечая, 1
замечательного, 1
замечательна, 1
замечаниями, 1
замечаний, 1
заметя, 1
заметить, 1
заметив, 1
замерло, 1
замерзала, 1
замерз, 1
замедлит, 1
замахнулся, 1
залу, 1
залпом, 1
залп, 1
заложили, 1
заложил, 1
залечили, 1
залетали, 1
залетавшим, 1
залаяла, 1
закутим, 1
закутался, 1
закусил, 1
закупки, 1
закрыла, 1
закрыл, 1
закричали, 1
закоптелые, 1
законный, 1
законам, 1
закололи, 1
заколол, 1
заковали, 1
заключения, 1
заключение, 1
закипела, 1
заказали, 1
зазноба, 1
зажужжало, 1
заехали, 1
задыхаясь, 1
задумчивостию, 1
задумал, 1
задремать, 1
задолжать, 1
задержан, 1
задам, 1
зададим, 1
загрызли, 1
загремели, 1
загремел, 1
заготовил, 1
загороженным, 1
заговоришь, 1
заговорили, 1
загнал, 1
заглушить, 1
заглушило, 1
завтрашнему, 1
заводиться, 1
заводить, 1
заводах, 1
завлеченного, 1
завладел, 1
завижу, 1
завидно, 1
завидели, 1
завело, 1
завезла, 1
завез, 1
забыто, 1
забылся, 1
забыло, 1
забывайте, 1
забудь, 1
забрести, 1
забрался, 1
заботясь, 1
заботливо, 1
заботился, 1
забором, 1
забор, 1
забилось, 1
забежит, 1
забавны, 1
забавна, 1
забавляло, 1
жилистую, 1
жила, 1
жидов, 1
живым, 1
живые, 1
живую, 1
живут, 1
живу, 1
животе, 1
живот, 1
живой, 1
живо, 1
живите, 1
живешь, 1
жестокость, 1
жестокости, 1
жестокосердые, 1
жестоко, 1
жестокими, 1
жестокие, 1
жертвовать, 1
жертвами, 1
жертв, 1
женщин, 1
женишься, 1
женишки, 1
женихи, 1
жениха, 1
женитьба, 1
женится, 1
женим, 1
женат, 1
жеманства, 1
желчи, 1
желудка, 1
желтым, 1
железными, 1
железною, 1
желая, 1
желанная, 1
желали, 1
желала, 1
желаешь, 1
желаете, 1
желает, 1
ждал, 1
жарко, 1
жаркий, 1
жареных, 1
жалуясь, 1
жалуетесь, 1
жалость, 1
жаловал, 1
жалобных, 1
жалобах, 1
жалким, 1
жалеющих, 1
жалеть, 1
жалеешь, 1
жаждал, 1
ешовых, 1
ехали, 1
естественным, 1
енаралы, 1
енаралов, 1
енаралами, 1
емельяне, 1
емельян, 1
емельки, 1
екнуло, 1
екатерины, 1
езды, 1
ездил, 1
ежели, 1
ежегодно, 1
едят, 1
единственный, 1
единственное, 1
единомышленников, 1
единожды, 1
едина, 1
един, 1
едим, 1
егоровне, 1
его-то, 1
е, 1
дядя, 1
дядюшкою, 1
дядюшка, 1
дядьку, 1
дядьке, 1
дюжих, 1
дьячихе, 1
дыму, 1
дымом, 1
дыбом, 1
душой, 1
душить, 1
душегубство, 1
душегрейку, 1
душегрейке, 1
душевно, 1
духом, 1
духа, 1
дурь-то, 1
дурочкою, 1
дурно, 1
дурацкий, 1
дураках, 1
думу, 1
думая, 1
думать, 1
думати, 1
думай, 1
дуелей, 1
дудке, 1
дубровушка, 1
дубинами, 1
дрыгали, 1
дружному, 1
дружно, 1
дружкою, 1
дружеского, 1
дружеских, 1
дружелюбным, 1
дружелюбно, 1
дружба, 1
другая, 1
дрожащий, 1
дремля, 1
дремал, 1
дремавших, 1
дрема, 1
драться, 1
дрался, 1
драгуна, 1
драгоценен, 1
дошло, 1
дошел, 1
дочкой, 1
дочке, 1
дочитывай, 1
дочитать, 1
доходило, 1
достойны, 1
достигнуть, 1
достаточным, 1
доставлены, 1
доставлена, 1
дослужился, 1
доселе, 1
досады, 1
досадно, 1
досадила, 1
досаде, 1
дорожные, 1
дорожном, 1
дорожная, 1
дороден, 1
дороговизны, 1
дорогие, 1
дорога-то, 1
допустил, 1
допускаются, 1
допросчик, 1
допросу, 1
допросом, 1
допросил, 1
допросах, 1
допрашивали, 1
дополнительными, 1
допил, 1
донской, 1
доносчик, 1
доносителем, 1
доносил, 1
доносе, 1
донести, 1
донесением, 1
донесение, 1
донес, 1
донага, 1
домком, 1
домику, 1
домиком, 1
домашнего, 1
домам, 1
доложит, 1
доложим, 1
доложили, 1
должны, 1
должному, 1
долженствовавший, 1
долженствовавшие, 1
долее, 1
долгоногим, 1
долгом, 1
долговязая, 1
долговременное, 1
долга, 1
докучных, 1
докладывали, 1
доказательством, 1
доказательство, 1
доказаны, 1
доказал, 1
докажем, 1
дозоры, 1
дозовешься, 1
дозволят, 1
дозволите, 1
дозволив, 1
дожили, 1
дождик, 1
дождемся, 1
дождаться, 1
дождались, 1
дождавшись, 1
догоняя, 1
догадывалась, 1
догадок, 1
догадках, 1
догадаться, 1
довольные, 1
довольны, 1
довольное, 1
доводящее, 1
довести, 1
доверши, 1
доверчивостию, 1
доверенность, 1
доверенности, 1
добьется, 1
добрую, 1
добротою, 1
доброконных, 1
добродушие, 1
добрался, 1
дню, 1
дни, 1
длинные, 1
длинная, 1
дичиться, 1
дитяти, 1
дитятей, 1
дисциплину, 1
дисциплине, 1
дисциплина, 1
директора, 1
директор, 1
диким, 1
дикарями, 1
дивиться, 1
дивился, 1
диван, 1
детьми, 1
детской, 1
детский, 1
десятка, 1
десятерым, 1
дескать, 1
дершать, 1
дерутся, 1
дернул, 1
дерзкое, 1
дерзкого, 1
держусь, 1
держишь, 1
держится, 1
держит, 1
держи-ка, 1
держаться, 1
держась, 1
держался, 1
державший, 1
деревянным, 1
деревянной, 1
деревушки, 1
деревушке, 1
деревня, 1
деревне, 1
дергал, 1
деньгах, 1
деньгами, 1
денщика, 1
денек, 1
денег-то, 1
делился, 1
делах, 1
делам, 1
делался, 1
делалось, 1
делайте, 1
делай, 1
дел, 1
действо, 1
действиях, 1
действию, 1
действий, 1
дедушка, 1
дедом, 1
девять, 1
девка-то, 1
девичьим, 1
девической, 1
девице, 1
двуглавый, 1
дворянского, 1
дворянину, 1
дворян, 1
дворы, 1
дворца, 1
дворовыми, 1
дворам, 1
двора, 1
движениями, 1
движений, 1
двигалось, 1
двигалась, 1
двигайтесь, 1
дверях, 1
двенадцать, 1
двенадцатом, 1
дарю, 1
дарую, 1
данной, 1
дани, 1
дамское, 1
даме, 1
дальше, 1
дальнем, 1
далеко, 1
дается, 1
дадут, 1
дадите, 1
давным-давно, 1
давнишними, 1
давал, 1
давай, 1
гусь, 1
густая, 1
гусарского, 1
гусарских, 1
гусаров, 1
гусара, 1
гуляк, 1
губки, 1
губишь, 1
губить, 1
губители, 1
губил, 1
губернию, 1
губернии, 1
губернатору, 1
грязный, 1
грядущий, 1
грыз, 1
грустию, 1
грустен, 1
грудях, 1
грудью, 1
груды, 1
груди, 1
грубой, 1
грошу, 1
громом, 1
грозного, 1
грозится, 1
гроза, 1
гроба, 1
гриневу, 1
грешной, 1
грешен, 1
гремела, 1
гребень, 1
графом, 1
графинчик, 1
графе, 1
графа, 1
границу, 1
грамоту, 1
грамоте, 1
гражданской, 1
грабя, 1
грабежи, 1
готовяся, 1
готовым, 1
готового, 1
готово, 1
готовился, 1
готова, 1
государя, 1
государь-царь, 1
государыню, 1
государыней, 1
государством, 1
государство, 1
государей, 1
государевым, 1
гостям, 1
гостиную, 1
гостиной, 1
гости-де, 1
гостей, 1
господскую, 1
господня, 1
господам, 1
господ, 1
горячо, 1
горячке, 1
горячка, 1
горячился, 1
горячей, 1
горюющего, 1
горькой, 1
горьких, 1
горькие, 1
горы, 1
горшками, 1
городскую, 1
городской, 1
городским, 1
городовая, 1
городку, 1
городке, 1
горницы, 1
горницу, 1
горнице, 1
горестью, 1
горесть, 1
горести, 1
горело, 1
гордецы, 1
гораздо, 1
гоняя, 1
гоняйся, 1
голыми, 1
голубятни, 1
голубые, 1
голубей, 1
голосок, 1
голоском, 1
голом, 1
голоду, 1
голодная, 1
голодать, 1
головой, 1
головною, 1
головке-то, 1
головами, 1
голландских, 1
голицын, 1
гоже, 1
годок, 1
годовым, 1
годен, 1
говорите, 1
гнусным, 1
гнусный, 1
гнусного, 1
гнезду, 1
гневись, 1
гневаться, 1
гневайтесь, 1
гнева, 1
гляжу, 1
глядят, 1
глядя, 1
глядела, 1
глухую, 1
глухой, 1
глупый, 1
глупо, 1
глуп, 1
глубокую, 1
глубокому, 1
глубокое, 1
глубокая, 1
глубину, 1
глубина, 1
глазом, 1
гладкому, 1
гладкой, 1
глаголании, 1
главы, 1
главных, 1
главный, 1
главные, 1
главною, 1
главном, 1
главного, 1
главе, 1
гибельна, 1
географическая, 1
географии, 1
генералы, 1
генералом, 1
генералам, 1
генерал-поручик, 1
генерал-майором, 1
гвозде, 1
гвардейского, 1
гарнизонных, 1
гарнизонные, 1
гарнизонному, 1
гарнизонного, 1
гарасимовна, 1
галунами, 1
гадала, 1
г, 1
вязла, 1
вязать, 1
вязаный, 1
вязала, 1
вьюге, 1
вышедший, 1
вышед, 1
вычистить, 1
вычистил, 1
выходя, 1
выходите, 1
выходили, 1
выходила, 1
выхватя, 1
выучиться, 1
выучить, 1
выучился, 1
вытряхнул, 1
вытолкал, 1
вытащили, 1
вытаскивал, 1
вытаращил, 1
вытараща, 1
высшей, 1
высунулся, 1
выступить, 1
выступила, 1
выстрочите, 1
выстроенным, 1
выстрогана, 1
выстрела, 1
высокую, 1
высокой, 1
высокоблагородие, 1
высокими, 1
высокие, 1
выслушивать, 1
выслушав, 1
выслать, 1
выслал, 1
высказать, 1
выручили, 1
выручившего, 1
выручать, 1
выругайте, 1
вырваться, 1
вырвать, 1
вырвавшийся, 1
вырасти, 1
выразить, 1
выразительным, 1
выразительностию, 1
выразительно, 1
выражения, 1
выражений, 1
выражало, 1
выпустил, 1
выпустив, 1
выпускал, 1
выпрыгнул, 1
выпроводил, 1
выплывали, 1
выписанный, 1
выписана, 1
выписан, 1
выписали, 1
выпили, 1
выпивал, 1
выпей-ка, 1
выпалили, 1
выпалил, 1
выпала, 1
вынь, 1
вынула, 1
вынес, 1
вымолвить, 1
выманил, 1
вылезть, 1
вылазку, 1
вылазках, 1
вылазками, 1
выл, 1
выкупят, 1
выкуп, 1
выколи, 1
выйду, 1
выйдет, 1
выигрыше, 1
выигрыша, 1
вызывался, 1
выздоровления, 1
выздоровление, 1
выздоровела, 1
выздоровел, 1
вызвать, 1
выжидали, 1
выезда, 1
выдумать, 1
выду, 1
выдаст, 1
выданье, 1
выдам, 1
выдал, 1
выдадут, 1
выговор, 1
выговаривая, 1
выговаривала, 1
выглянул, 1
вывозили, 1
выводите, 1
вывести, 1
вывел, 1
вывезти, 1
вывез, 1
выведала, 1
выбросили, 1
выбрита, 1
выбор, 1
выбежали, 1
въехал, 1
въезжая, 1
вчерашний, 1
вчерашней, 1
вчерашнего, 1
входить, 1
входила, 1
втридорога, 1
втерлась, 1
втайне, 1
всё, 1
всякую, 1
всяком, 1
всякой, 1
всякое, 1
всяк, 1
вступили, 1
вступать, 1
встрече, 1
встречался, 1
встречает, 1
встретились, 1
встревожило, 1
встревожила, 1
встревоженным, 1
встревожена, 1
встать, 1
встав, 1
вспомню, 1
вспомнили, 1
вспомни, 1
вспоминал, 1
всматриваться, 1
вслушалась, 1
вскрикнула, 1
всклокочена, 1
всеё, 1
всею, 1
всеминутно, 1
всемилостивейшей, 1
всего-то, 1
всевозможные, 1
всевозможной, 1
всевозможное, 1
вряд, 1
вручил, 1
ври, 1
врешь, 1
временщика, 1
временем, 1
временам, 1
времен, 1
врезались, 1
вредный, 1
вредную, 1
вредно, 1
вранье, 1
враги, 1
впутать, 1
впустить, 1
впустили, 1
вправду, 1
вполне, 1
впечатлениями, 1
впечатление, 1
впервые, 1
впервой, 1
впал, 1
воюю, 1
вошедшим, 1
вошедшего, 1
вошед, 1
воткнута, 1
воткнулись, 1
восхищение, 1
востро, 1
восторжествовало, 1
восторга, 1
востер, 1
воспомянешь, 1
воспользуемся, 1
воспользоваться, 1
воспитывались, 1
воспитание, 1
вослед, 1
воскресило, 1
воскликнула, 1
ворчанием, 1
вору-то, 1
вору, 1
ворочусь, 1
вороты, 1
вороту, 1
воротились, 1
воротилась, 1
воротившись, 1
ворону, 1
ворона, 1
ворон-птица, 1
воровского, 1
воровать, 1
воровал, 1
ворвались, 1
вопрошатель, 1
вопросу, 1
вопросов, 1
вопроса, 1
вооруженный, 1
вообразил, 1
вольность, 1
вольном, 1
волынским, 1
волосы, 1
волны, 1
волновались, 1
волновавшие, 1
волнения, 1
волнением, 1
волна, 1
волгу, 1
войти, 1
война, 1
войдите, 1
войди, 1
вой, 1
воинском, 1
возьмешься, 1
возраста, 1
возобновления, 1
возобновились, 1
вознамерился, 1
возмущались, 1
возмутительными, 1
возможным, 1
возможности, 1
возможно, 1
возиться, 1
воздух, 1
возговорит, 1
возвышение, 1
возвращения, 1
возвращении, 1
возвращение, 1
возвращаясь, 1
возвращаться, 1
возвратясь, 1
возвратном, 1
возвратить, 1
возвратились, 1
возбудило, 1
вожатым, 1
вожатому, 1
вожатом, 1
военный, 1
военного, 1
водой, 1
водкю, 1
водится, 1
внушало, 1
внутри, 1
внутренние, 1
внуков, 1
внимательным, 1
внимание, 1
внес, 1
вне, 1
вмешиваюсь, 1
вмешаться, 1
вменит, 1
влюблен, 1
влекло, 1
власьевне, 1
властны, 1
властию, 1
владычество, 1
владеть, 1
вкусив, 1
вихорь, 1
виснет, 1
висите, 1
виселицею, 1
виселица, 1
висели, 1
висевшее, 1
винясь, 1
винтовка, 1
виною, 1
виновности, 1
виновницею, 1
виноватым, 1
вино, 1
винных, 1
вине, 1
винам, 1
видны, 1
видна, 1
видимо, 1
видениях, 1
видались, 1
видал, 1
взяты, 1
взято, 1
взятия, 1
взятая, 1
взята, 1
взялась, 1
взяв, 1
вздыхал, 1
вздумалось, 1
вздумали, 1
вздрогнула, 1
вздрагивая, 1
вздохнула, 1
вздор, 1
вздернутого, 1
взглянуть, 1
взгляду, 1
взглядов, 1
взгляда, 1
взволнованный, 1
взбесило, 1
взбежал, 1
взашей, 1
взаперти, 1
взаимную, 1
вещи, 1
вещей, 1
вечор, 1
вечное, 1
вечерне, 1
вечерком, 1
вечера, 1
ветрен, 1
ветра, 1
ветви, 1
вестовщицею, 1
вести, 1
вестей, 1
весна, 1
веселой, 1
верят, 1
верь, 1
вершка, 1
верхушки, 1
верует, 1
вертеп, 1
вертелами, 1
верст, 1
верой, 1
верным, 1
верные, 1
верность, 1
верной, 1
верить, 1
верил, 1
веревочке, 1
венцом, 1
велят, 1
вельможи, 1
величиною, 1
величеством, 1
величая, 1
велит, 1
великом, 1
великолепных, 1
великодушных, 1
великодушия, 1
велика, 1
велик, 1
вели, 1
велела, 1
вела, 1
веку, 1
вековечной, 1
века, 1
вези, 1
ведя, 1
ведьму, 1
ведут, 1
веду, 1
ведома, 1
веди, 1
ведаешь, 1
ведает, 1
вдохновением, 1
вдоль, 1
вдовушки, 1
вдовушка, 1
вдоволь, 1
вдесятеро, 1
вдвоем, 1
вверенных, 1
вверенную, 1
вверенной, 1
ввела, 1
ввек, 1
ваших, 1
вашим, 1
вашем, 1
вахмистру, 1
василья, 1
васильевне, 1
василисе, 1
василиса-то, 1
варила, 1
варенье, 1
варварское, 1
варварского, 1
вами-де, 1
валяющегося, 1
валялся, 1
валялось, 1
валом, 1
валил, 1
валежником, 1
вала, 1
важный, 1
важные, 1
важностию, 1
важному, 1
важного, 1
важная, 1
быль, 1
бывший, 1
бываю, 1
бывать, 1
бывал, 1
быв, 1
бутылки, 1
бурному, 1
бурлацкую, 1
бури, 1
бурана, 1
бунтующие, 1
бунтуешь, 1
бунту, 1
бунтовщиках, 1
бунтовщикам, 1
бунтовщика, 1
бунте, 1
бунт, 1
бумажку, 1
бумаге, 1
бумагами, 1
бумага, 1
булками, 1
булатный, 1
буйно, 1
будущих, 1
будущем, 1
будущего, 1
будущая, 1
брюхата, 1
брудер, 1
бросились, 1
бросил, 1
бросал, 1
бродягу, 1
бродяге, 1
бродить, 1
бродило, 1
бренчит, 1
бреду, 1
бредит, 1
бревенчатым, 1
брать, 1
братцы, 1
братец, 1
брата, 1
бранью, 1
бранил, 1
брали, 1
брал, 1
брак, 1
брадатого, 1
бравые, 1
боярское, 1
боярская, 1
боюсь, 1
бою, 1
бочек, 1
борт, 1
бороды, 1
бородою, 1
бородкою, 1
бородишки, 1
бороде, 1
бородатого, 1
борзого, 1
болью, 1
большую, 1
большое, 1
большого, 1
большинством, 1
большие, 1
большей, 1
большее, 1
больного, 1
больная, 1
болтливости, 1
болтать, 1
болен, 1
бока, 1
бойтесь, 1
бойсь, 1
бойкую, 1
боишься, 1
божию, 1
бодростию, 1
бодрости, 1
бодро, 1
богоспасаемой, 1
богом, 1
богатырь, 1
богатые, 1
богаты, 1
богатой, 1
богатая, 1
блуждали, 1
блистающими, 1
близость, 1
близкое, 1
близкого, 1
близко, 1
близких, 1
близ, 1
ближней, 1
ближнего, 1
блестящие, 1
бледный, 1
бледны, 1
бледном, 1
бледна, 1
бледен, 1
блажью, 1
благоугодно, 1
благословят, 1
благословить-то, 1
благословит, 1
благословили, 1
благословениями, 1
благословении, 1
благословение, 1
благосклонным, 1
благосклонностию, 1
благосклонного, 1
благородного, 1
благородием, 1
благоразумную, 1
благоразумного, 1
благоразумно, 1
благоразумием, 1
благоразумие, 1
благоприятных, 1
благоприятную, 1
благополучном, 1
благополучное, 1
благополучием, 1
благое, 1
благодетельный, 1
благодетель, 1
благодетелем, 1
благоденствует, 1
благодать, 1
благодарить, 1
благодарила, 1
благодари, 1
благовидным, 1
биться, 1
бить, 1
билось, 1
биллиардом, 1
биллиардную, 1
биллиард, 1
бикбаеву, 1
бивали, 1
бестия, 1
бесстыдство, 1
бесстыдным, 1
бессовестный, 1
бессмыслия, 1
бессмысленный, 1
бессвязнее, 1
беспутные, 1
беспутно, 1
беспутен, 1
беспощадный, 1
беспорядков, 1
бесполезность, 1
бесполезной, 1
беспокойтесь, 1
беспокойства, 1
беспечностию, 1
беспечно, 1
беспамятством, 1
бесом, 1
бесов, 1
бесконечные, 1
беседа, 1
беру, 1
беречь, 1
бережете, 1
берегов, 1
берегах, 1
берега, 1
берег, 1
берду, 1
бердской, 1
бердские, 1
белья, 1
бельмес, 1
белые, 1
белы, 1
белое, 1
белогорского, 1
белого, 1
белобородову, 1
белая, 1
бей, 1
безопасность, 1
безопасно, 1
безопаснее, 1
безопасна, 1
безнравственный, 1
безмолвным, 1
беззащитной, 1
бездельнике, 1
бездельника, 1
бездельник, 1
бездействии, 1
бездействие, 1
бежать, 1
бежавший, 1
бежавшего, 1
беды, 1
бедствие, 1
бедственным, 1
бедственной, 1
бедняжка, 1
бед, 1
бегущие, 1
бегом, 1
беглыми, 1
беглый, 1
беглецы, 1
бегать, 1
башни, 1
башкирцем, 1
башкирскую, 1
башкирская, 1
башка, 1
батюшкиной, 1
батюшкино, 1
батюшкина, 1
батько, 1
баталья, 1
басурмана, 1
бастионы, 1
барышнею, 1
барскому, 1
барского, 1
барских, 1
барская, 1
барину, 1
барином-то, 1
барин-де, 1
баран, 1
баня, 1
банк, 1
баловства, 1
бабьим, 1
бабье, 1
бабы, 1
бабушке, 1
бабушка, 1
бабки, 1
бабам, 1
баба-то, 1
афанасий, 1
ась, 1
артиллерии, 1
артикуле, 1
армяку, 1
армяке, 1
армяк, 1
армейские, 1
арию, 1
аринушки, 1
аринушке, 1
арестовать, 1
аресте, 1
арестанта, 1
аппетитом, 1
антипьевне, 1
анне, 1
анекдоты, 1
андреичем, 1
андреевичу, 1
андреевиче, 1
английской, 1
ангельский, 1
ангела, 1
ангел, 1
анбаре, 1
анбара, 1
анбар, 1
алым, 1
алтын, 1
аллею, 1
аллеи, 1
александровича, 1
александра, 1
акулька, 1
акулине, 1
адъютантом, 1
адской, 1
адрес, 1
авдотье, 1
xiv, 1
xiii, 1
xii, 1
xi, 1
x, 1
viii, 1
vii, 1
vi, 1
v, 1
schelm, 1
pour, 1
outchitel, 1
monsieur, 1
ix, 1
iv, 1
i, 1
etre, 1
40, 1
24, 1
19, 1
1836, 1
1774, 1
1741, 1
17, 1
15-го, 1
15, 1
**, 1
